Workbook
Name Datos: [1]!Tabla2[#Data]
Name SegmentaciónDeDatos_Almacén_Destino: #N/A
Name SegmentaciónDeDatos_Año_Pedido: #N/A
Name SegmentaciónDeDatos_Categoría: #N/A
Name SegmentaciónDeDatos_Incidencias: #N/A
Name SegmentaciónDeDatos_Modo_Transporte: #N/A
Name SegmentaciónDeDatos_Proveedor: #N/A
Name SegmentaciónDeDatos_Transportista: #N/A

Sheet Dataset Limpio
A1: ID_Pedido | B1: Fecha_Pedido | C1: Año_Pedido | D1: Mes_Pedido | E1: Semana_Pedido | F1: Proveedor | G1: Categoría | H1: Producto_SKU | I1: Almacén_Destino | J1: Transportista | K1: Modo_Transporte | L1: Incoterm | M1: Cantidad | N1: Unidad_Medida | O1: Precio_Unitario_EUR | P1: Valor_Total_EUR | Q1: Coste_Transporte_EUR | R1: Pct_Coste_Transporte | S1: Lead_Time_Días | T1: Fecha_Entrega_Estimada | U1: Fecha_Entrega_Real | V1: Desviación_Días | W1: Estado | X1: OTIF | Y1: Nivel_Stock_Inicial | Z1: Nivel_Stock_Final | AA1: Incidencias | AB1: Flag_Incidencia
A2: PED-00001 | B2: 45581 | C2: =YEAR(B2) -> 2024 | D2: =MONTH(B2) -> 10 | E2: =WEEKNUM(B2,1) -> 42 | F2: EuroDistrib S.A. | G2: Maquinaria | H2: SKU-MAQ-5395 | I2: ALM-ZGZ-01 | J2: FedEx ES | K2: Marítimo | L2: EXW | M2: 28 | N2: Metros | O2: 1212.26 | P2: 33943.28 | Q2: 1224.77 | R2: =Q2/P2 -> 0.036082842 | S2: 7 | T2: 45588 | U2: 45587 | V2: =U2-T2 -> -1 | W2: Entregado | X2: =IF(W2="Entregado", TRUE(), FALSE()) -> TRUE | Y2: 323 | Z2: 261 | AA2: Ninguna | AB2: =IF(AA2="Ninguna",FALSE(),TRUE()) -> FALSE
A3: PED-00002 | B3: 45041 | C3: =YEAR(B3) -> 2023 | D3: =MONTH(B3) -> 4 | E3: =WEEKNUM(B3,1) -> 17 | F3: FastShip Iberia | G3: Maquinaria | H3: SKU-MAQ-2522 | I3: ALM-ZGZ-01 | J3: FedEx ES | K3: Ferroviario | L3: DAP | M3: 692 | N3: Cajas | O3: 1860.55 | P3: 1287500.6 | Q3: 88435.79 | R3: =Q3/P3 -> 0.06868796 | S3: 20 | T3: 45061 | U3: 45061 | V3: =U3-T3 -> 0 | W3: Entregado | X3: =IF(W3="Entregado", TRUE(), FALSE()) -> TRUE | Y3: 301 | Z3: 486 | AA3: Error de cantidad | AB3: =IF(AA3="Ninguna",FALSE(),TRUE()) -> TRUE
A4: PED-00003 | B4: 44952 | C4: =YEAR(B4) -> 2023 | D4: =MONTH(B4) -> 1 | E4: =WEEKNUM(B4,1) -> 4 | F4: FastShip Iberia | G4: Farmacia | H4: SKU-FAR-7105 | I4: ALM-ZGZ-01 | J4: Correos Express | K4: Marítimo | L4: FCA | M4: 459 | N4: Cajas | O4: 203.36 | P4: 93342.24 | Q4: 2176.89 | R4: =Q4/P4 -> 0.023321596 | S4: 29 | T4: 44981 | U4: 44983 | V4: =U4-T4 -> 2 | W4: Retrasado | X4: =IF(W4="Entregado", TRUE(), FALSE()) -> FALSE | Y4: 368 | Z4: 453 | AA4: Pérdida parcial | AB4: =IF(AA4="Ninguna",FALSE(),TRUE()) -> TRUE
A5: PED-00004 | B5: 45208 | C5: =YEAR(B5) -> 2023 | D5: =MONTH(B5) -> 10 | E5: =WEEKNUM(B5,1) -> 41 | F5: EuroDistrib S.A. | G5: Automoción | H5: SKU-AUT-6615 | I5: ALM-ZGZ-01 | J5: Correos Express | K5: Camión LTL | L5: FCA | M5: 83 | N5: Cajas | O5: 645.13 | P5: 53545.79 | Q5: 2799.76 | R5: =Q5/P5 -> 0.052287211 | S5: 15 | T5: 45223 | U5: 45226 | V5: =U5-T5 -> 3 | W5: En almacén | X5: =IF(W5="Entregado", TRUE(), FALSE()) -> FALSE | Y5: 27 | Z5: 442 | AA5: Daño en mercancía | AB5: =IF(AA5="Ninguna",FALSE(),TRUE()) -> TRUE
A6: PED-00005 | B6: 45177 | C6: =YEAR(B6) -> 2023 | D6: =MONTH(B6) -> 9 | E6: =WEEKNUM(B6,1) -> 36 | F6: TransEuro Logistics | G6: Químicos | H6: SKU-QUÍ-3996 | I6: ALM-ZGZ-01 | J6: DHL Express | K6: Camión FTL | L6: FCA | M6: 582 | N6: KG | O6: 99.24 | P6: 57757.68 | Q6: 1399.64 | R6: =Q6/P6 -> 0.024232968 | S6: 11 | T6: 45188 | U6: 45191 | V6: =U6-T6 -> 3 | W6: En almacén | X6: =IF(W6="Entregado", TRUE(), FALSE()) -> FALSE | Y6: 484 | Z6: 261 | AA6: Pérdida parcial | AB6: =IF(AA6="Ninguna",FALSE(),TRUE()) -> TRUE
A7: PED-00006 | B7: 45155 | C7: =YEAR(B7) -> 2023 | D7: =MONTH(B7) -> 8 | E7: =WEEKNUM(B7,1) -> 33 | F7: Global Parts S.L. | G7: Textil | H7: SKU-TEX-2865 | I7: ALM-MAD-01 | J7: DHL Express | K7: Ferroviario | L7: CIF | M7: 948 | N7: Litros | O7: 87.57 | P7: 83016.36 | Q7: 6312.73 | R7: =Q7/P7 -> 0.076041999 | S7: 8 | T7: 45163 | U7: 45163 | V7: =U7-T7 -> 0 | W7: Entregado | X7: =IF(W7="Entregado", TRUE(), FALSE()) -> TRUE | Y7: 76 | Z7: 30 | AA7: Daño en mercancía | AB7: =IF(AA7="Ninguna",FALSE(),TRUE()) -> TRUE
A8: PED-00007 | B8: 45069 | C8: =YEAR(B8) -> 2023 | D8: =MONTH(B8) -> 5 | E8: =WEEKNUM(B8,1) -> 21 | F8: EuroDistrib S.A. | G8: Electrónica | H8: SKU-ELE-7566 | I8: ALM-MAD-02 | J8: MRW | K8: Ferroviario | L8: DAP | M8: 674 | N8: Unidades | O8: 701.84 | P8: 473040.16 | Q8: 31211.7 | R8: =Q8/P8 -> 0.065981079 | S8: 29 | T8: 45098 | U8: 45098 | V8: =U8-T8 -> 0 | W8: Entregado | X8: =IF(W8="Entregado", TRUE(), FALSE()) -> TRUE | Y8: 120 | Z8: 104 | AA8: Pérdida parcial | AB8: =IF(AA8="Ninguna",FALSE(),TRUE()) -> TRUE
A9: PED-00008 | B9: 45031 | C9: =YEAR(B9) -> 2023 | D9: =MONTH(B9) -> 4 | E9: =WEEKNUM(B9,1) -> 15 | F9: LogiTech Supply S.L. | G9: Maquinaria | H9: SKU-MAQ-7557 | I9: ALM-VAL-01 | J9: XPO Logistics | K9: Marítimo | L9: FCA | M9: 285 | N9: KG | O9: 2138.45 | P9: 609458.25 | Q9: 36248.75 | R9: =Q9/P9 -> 0.059477003 | S9: 21 | T9: 45052 | U9: 45049 | V9: =U9-T9 -> -3 | W9: Entregado | X9: =IF(W9="Entregado", TRUE(), FALSE()) -> TRUE | Y9: 2 | Z9: 487 | AA9: Error de cantidad | AB9: =IF(AA9="Ninguna",FALSE(),TRUE()) -> TRUE
A10: PED-00009 | B10: 45619 | C10: =YEAR(B10) -> 2024 | D10: =MONTH(B10) -> 11 | E10: =WEEKNUM(B10,1) -> 47 | F10: Iberian Freight Co. | G10: Construcción | H10: SKU-CON-8479 | I10: ALM-BCN-01 | J10: MRW | K10: Aéreo | L10: DDP | M10: 57 | N10: KG | O10: 298.65 | P10: 17023.05 | Q10: 1181.97 | R10: =Q10/P10 -> 0.069433503 | S10: 7 | T10: 45626 | U10: 45634 | V10: =U10-T10 -> 8 | W10: Retrasado | X10: =IF(W10="Entregado", TRUE(), FALSE()) -> FALSE | Y10: 36 | Z10: 349 | AA10: Documentación incompleta | AB10: =IF(AA10="Ninguna",FALSE(),TRUE()) -> TRUE
A11: PED-00010 | B11: 45485 | C11: =YEAR(B11) -> 2024 | D11: =MONTH(B11) -> 7 | E11: =WEEKNUM(B11,1) -> 28 | F11: MadridPack S.A. | G11: Construcción | H11: SKU-CON-5453 | I11: ALM-ZGZ-01 | J11: MRW | K11: Aéreo | L11: DDP | M11: 220 | N11: KG | O11: 173.33 | P11: 38132.6 | Q11: 2244.15 | R11: =Q11/P11 -> 0.058851219 | S11: 26 | T11: 45511 | U11: 45514 | V11: =U11-T11 -> 3 | W11: En almacén | X11: =IF(W11="Entregado", TRUE(), FALSE()) -> FALSE | Y11: 431 | Z11: 311 | AA11: Daño en mercancía | AB11: =IF(AA11="Ninguna",FALSE(),TRUE()) -> TRUE
A12: PED-00011 | B12: 45016 | C12: =YEAR(B12) -> 2023 | D12: =MONTH(B12) -> 3 | E12: =WEEKNUM(B12,1) -> 13 | F12: PenínsulaLogis | G12: Químicos | H12: SKU-QUÍ-7319 | I12: ALM-MAD-01 | J12: SEUR | K12: Camión LTL | L12: DAP | M12: 864 | N12: Metros | O12: 118.12 | P12: 102055.68 | Q12: 7974.29 | R12: =Q12/P12 -> 0.07813666 | S12: 19 | T12: 45035 | U12: 45037 | V12: =U12-T12 -> 2 | W12: Retrasado | X12: =IF(W12="Entregado", TRUE(), FALSE()) -> FALSE | Y12: 146 | Z12: 437 | AA12: Documentación incompleta | AB12: =IF(AA12="Ninguna",FALSE(),TRUE()) -> TRUE
A13: PED-00012 | B13: 45531 | C13: =YEAR(B13) -> 2024 | D13: =MONTH(B13) -> 8 | E13: =WEEKNUM(B13,1) -> 35 | F13: Valencia Port Traders | G13: Textil | H13: SKU-TEX-8835 | I13: ALM-VAL-01 | J13: FedEx ES | K13: Camión FTL | L13: FCA | M13: 929 | N13: Unidades | O13: 74.12 | P13: 68857.48 | Q13: 4326.83 | R13: =Q13/P13 -> 0.062837472 | S13: 23 | T13: 45554 | U13: 45553 | V13: =U13-T13 -> -1 | W13: Entregado | X13: =IF(W13="Entregado", TRUE(), FALSE()) -> TRUE | Y13: 91 | Z13: 468 | AA13: Ninguna | AB13: =IF(AA13="Ninguna",FALSE(),TRUE()) -> FALSE
... A2001: PED-02000 | B2001: 45467 | C2001: =YEAR(B2001) -> 2024 | D2001: =MONTH(B2001) -> 6 | E2001: =WEEKNUM(B2001,1) -> 26 | F2001: PenínsulaLogis | G2001: Automoción | H2001: SKU-AUT-2387 | I2001: ALM-SEV-01 | J2001: SEUR | K2001: Camión LTL | L2001: EXW | M2001: 671 | N2001: Litros | O2001: 1167.23 | P2001: 783211.33 | Q2001: 28370.26 | R2001: =Q2001/P2001 -> 0.036222995 | S2001: 3 | T2001: 45470 | U2001: 45470 | V2001: =U2001-T2001 -> 0 | W2001: Entregado | X2001: =IF(W2001="Entregado", TRUE(), FALSE()) -> TRUE | Y2001: 282 | Z2001: 58 | AA2001: Error de cantidad | AB2001: =IF(AA2001="Ninguna",FALSE(),TRUE()) -> TRUE

Sheet Análisis Descriptivo
B2: 📊 ANÁLISIS DESCRIPTIVO — SUPPLY CHAIN
B4: 1 · RESUMEN EJECUTIVO
B5: Total pedidos | D5: Valor total pedidos (€) | F5: Coste total transporte (€) | H5: % Coste transp. / Valor
B6: =COUNTA('Dataset Limpio'!A2:A2001) -> 2000 | D6: =SUM('Dataset Limpio'!P2:P2001) -> 5.0228016e+08 | F6: =SUM('Dataset Limpio'!Q2:Q2001) -> 25014696 | H6: =SUM('Dataset Limpio'!Q2:Q2001)/SUM('Dataset Limpio'!P2:P2001) -> 0.049802278
B7: OTIF global | D7: % Pedidos retrasados | F7: % Pedidos con incidencia | H7: Lead time medio global (días)
B8: =COUNTIF('Dataset Limpio'!X2:X2001,"VERDADERO")/COUNTA('Dataset Limpio'!A2:A2001) -> 0.485 | D8: =COUNTIF('Dataset Limpio'!W2:W2001,"Retrasado")/COUNTA('Dataset Limpio'!A2:A2001) -> 0.265 | F8: =COUNTIF('Dataset Limpio'!AB2:AB2001,"VERDADERO")/COUNTA('Dataset Limpio'!A2:A2001) -> 0.5765 | H8: =AVERAGE('Dataset Limpio'!S2:S2001) -> 15.1155
B11: 2 · ESTADÍSTICAS DESCRIPTIVAS — VARIABLES NUMÉRICAS
B12: Variable | C12: Mínimo | D12: Máximo | E12: Media | F12: Mediana | G12: Desv. Típica | H12: Percentil 25 | I12: Percentil 75
B13: Valor_Total_EUR | C13: =MIN('Dataset Limpio'!P2:P2001) -> 3302.8089 | D13: =MAX('Dataset Limpio'!P2:P2001) -> 1639255.4 | E13: =AVERAGE('Dataset Limpio'!P2:P2001) -> 251140.08 | F13: =MEDIAN('Dataset Limpio'!P2:P2001) -> 107129.73 | G13: =STDEV('Dataset Limpio'!P2:P2001) -> 341334.27 | H13: =PERCENTILE('Dataset Limpio'!P2:P2001,0.25) -> 42362.84 | I13: =PERCENTILE('Dataset Limpio'!P2:P2001,0.75) -> 307872.55
B14: Coste_Transporte_EUR | C14: =MIN('Dataset Limpio'!Q2:Q2001) -> 142.3601 | D14: =MAX('Dataset Limpio'!Q2:Q2001) -> 96548.63 | E14: =AVERAGE('Dataset Limpio'!Q2:Q2001) -> 12507.348 | F14: =MEDIAN('Dataset Limpio'!Q2:Q2001) -> 4822.05 | G14: =STDEV('Dataset Limpio'!Q2:Q2001) -> 18336.37 | H14: =PERCENTILE('Dataset Limpio'!Q2:Q2001,0.25) -> 1904.9825 | I14: =PERCENTILE('Dataset Limpio'!Q2:Q2001,0.75) -> 14163.815
B15: Lead_Time_Días | C15: =MIN('Dataset Limpio'!S2:S2001) -> 1 | D15: =MAX('Dataset Limpio'!S2:S2001) -> 29 | E15: =AVERAGE('Dataset Limpio'!S2:S2001) -> 15.1155 | F15: =MEDIAN('Dataset Limpio'!S2:S2001) -> 15 | G15: =STDEV('Dataset Limpio'!S2:S2001) -> 8.5583165 | H15: =PERCENTILE('Dataset Limpio'!S2:S2001,0.25) -> 8 | I15: =PERCENTILE('Dataset Limpio'!S2:S2001,0.75) -> 23
B16: Desviación_Días | C16: =MIN('Dataset Limpio'!V2:V2001) -> -5 | D16: =MAX('Dataset Limpio'!V2:V2001) -> 12 | E16: =AVERAGE('Dataset Limpio'!V2:V2001) -> 1.97 | F16: =MEDIAN('Dataset Limpio'!V2:V2001) -> 0 | G16: =STDEV('Dataset Limpio'!V2:V2001) -> 4.5207653 | H16: =PERCENTILE('Dataset Limpio'!V2:V2001,0.25) -> 0 | I16: =PERCENTILE('Dataset Limpio'!V2:V2001,0.75) -> 3
B17: Cantidad | C17: =MIN('Dataset Limpio'!M2:M2001) -> 10 | D17: =MAX('Dataset Limpio'!M2:M2001) -> 998 | E17: =AVERAGE('Dataset Limpio'!M2:M2001) -> 514.352 | F17: =MEDIAN('Dataset Limpio'!M2:M2001) -> 505.5 | G17: =STDEV('Dataset Limpio'!M2:M2001) -> 289.7572 | H17: =PERCENTILE('Dataset Limpio'!M2:M2001,0.25) -> 258.75 | I17: =PERCENTILE('Dataset Limpio'!M2:M2001,0.75) -> 771.25
B18: Precio_Unitario_EUR | C18: =MIN('Dataset Limpio'!O2:O2001) -> 42.03 | D18: =MAX('Dataset Limpio'!O2:O2001) -> 2235.75 | E18: =AVERAGE('Dataset Limpio'!O2:O2001) -> 485.90731 | F18: =MEDIAN('Dataset Limpio'!O2:O2001) -> 221.665 | G18: =STDEV('Dataset Limpio'!O2:O2001) -> 542.49147 | H18: =PERCENTILE('Dataset Limpio'!O2:O2001,0.25) -> 109.5075 | I18: =PERCENTILE('Dataset Limpio'!O2:O2001,0.75) -> 672.275
B19: Pct_Coste_Transporte | C19: =MIN('Dataset Limpio'!R2:R2001) -> 0.020014464 | D19: =MAX('Dataset Limpio'!R2:R2001) -> 0.079952419 | E19: =AVERAGE('Dataset Limpio'!R2:R2001) -> 0.049084173 | F19: =MEDIAN('Dataset Limpio'!R2:R2001) -> 0.048584308 | G19: =STDEV('Dataset Limpio'!R2:R2001) -> 0.01702097 | H19: =PERCENTILE('Dataset Limpio'!R2:R2001,0.25) -> 0.034479402 | I19: =PERCENTILE('Dataset Limpio'!R2:R2001,0.75) -> 0.063226021
B20: Nivel_Stock_Inicial | C20: =MIN('Dataset Limpio'!Y2:Y2001) -> 0 | D20: =MAX('Dataset Limpio'!Y2:Y2001) -> 499 | E20: =AVERAGE('Dataset Limpio'!Y2:Y2001) -> 250.5745 | F20: =MEDIAN('Dataset Limpio'!Y2:Y2001) -> 252 | G20: =STDEV('Dataset Limpio'!Y2:Y2001) -> 145.65722 | H20: =PERCENTILE('Dataset Limpio'!Y2:Y2001,0.25) -> 125 | I20: =PERCENTILE('Dataset Limpio'!Y2:Y2001,0.75) -> 377
B21: Nivel_Stock_Final | C21: =MIN('Dataset Limpio'!Z2:Z2001) -> 0 | D21: =MAX('Dataset Limpio'!Z2:Z2001) -> 499 | E21: =AVERAGE('Dataset Limpio'!Z2:Z2001) -> 253.784 | F21: =MEDIAN('Dataset Limpio'!Z2:Z2001) -> 258 | G21: =STDEV('Dataset Limpio'!Z2:Z2001) -> 145.83048 | H21: =PERCENTILE('Dataset Limpio'!Z2:Z2001,0.25) -> 124 | I21: =PERCENTILE('Dataset Limpio'!Z2:Z2001,0.75) -> 382
B23: 3 · ANÁLISIS POR CATEGORÍA
B24: Categoría | C24: Nº Pedidos | D24: % s/Total | E24: Valor Total (€) | F24: % Valor s/Total | G24: Coste Transp. (€) | H24: OTIF (%) | I24: Lead Time Medio | J24: % Incidencias
B25: Maquinaria | C25: =COUNTIF('Dataset Limpio'!G2:G2001,"Maquinaria") -> 266 | D25: =COUNTIF('Dataset Limpio'!G2:G2001,"Maquinaria")/COUNTA('Dataset Limpio'!A2:A2001) -> 0.133 | E25: =SUMIF('Dataset Limpio'!G2:G2001,"Maquinaria",'Dataset Limpio'!P2:P2001) -> 2.2323998e+08 | F25: =SUMIF('Dataset Limpio'!G2:G2001,"Maquinaria",'Dataset Limpio'!P2:P2001)/SUM('Dataset Limpio'!P2:P2001) -> 0.44445311 | G25: =SUMIF('Dataset Limpio'!G2:G2001,"Maquinaria",'Dataset Limpio'!Q2:Q2001) -> 11030531 | H25: =IFERROR(COUNTIFS('Dataset Limpio'!G2:G2001,"Maquinaria",'Dataset Limpio'!X2:X2001,"VERDADERO")/COUNTIF('Dataset Limpio'!G2:G2001,"Maquinaria"),0) -> 0.5037594 | I25: =AVERAGEIF('Dataset Limpio'!G2:G2001,"Maquinaria",'Dataset Limpio'!S2:S2001) -> 15.909774 | J25: =IFERROR(COUNTIFS('Dataset Limpio'!G2:G2001,"Maquinaria",'Dataset Limpio'!AB2:AB2001,"VERDADERO")/COUNTIF('Dataset Limpio'!G2:G2001,"Maquinaria"),0) -> 0.56390977
B26: Automoción | C26: =COUNTIF('Dataset Limpio'!G2:G2001,"Automoción") -> 238 | D26: =COUNTIF('Dataset Limpio'!G2:G2001,"Automoción")/COUNTA('Dataset Limpio'!A2:A2001) -> 0.119 | E26: =SUMIF('Dataset Limpio'!G2:G2001,"Automoción",'Dataset Limpio'!P2:P2001) -> 1.0873895e+08 | F26: =SUMIF('Dataset Limpio'!G2:G2001,"Automoción",'Dataset Limpio'!P2:P2001)/SUM('Dataset Limpio'!P2:P2001) -> 0.21649063 | G26: =SUMIF('Dataset Limpio'!G2:G2001,"Automoción",'Dataset Limpio'!Q2:Q2001) -> 5616697 | H26: =IFERROR(COUNTIFS('Dataset Limpio'!G2:G2001,"Automoción",'Dataset Limpio'!X2:X2001,"VERDADERO")/COUNTIF('Dataset Limpio'!G2:G2001,"Automoción"),0) -> 0.45378151 | I26: =AVERAGEIF('Dataset Limpio'!G2:G2001,"Automoción",'Dataset Limpio'!S2:S2001) -> 15.201681 | J26: =IFERROR(COUNTIFS('Dataset Limpio'!G2:G2001,"Automoción",'Dataset Limpio'!AB2:AB2001,"VERDADERO")/COUNTIF('Dataset Limpio'!G2:G2001,"Automoción"),0) -> 0.56722689
B27: Electrónica | C27: =COUNTIF('Dataset Limpio'!G2:G2001,"Electrónica") -> 262 | D27: =COUNTIF('Dataset Limpio'!G2:G2001,"Electrónica")/COUNTA('Dataset Limpio'!A2:A2001) -> 0.131 | E27: =SUMIF('Dataset Limpio'!G2:G2001,"Electrónica",'Dataset Limpio'!P2:P2001) -> 77619395 | F27: =SUMIF('Dataset Limpio'!G2:G2001,"Electrónica",'Dataset Limpio'!P2:P2001)/SUM('Dataset Limpio'!P2:P2001) -> 0.15453407 | G27: =SUMIF('Dataset Limpio'!G2:G2001,"Electrónica",'Dataset Limpio'!Q2:Q2001) -> 3855910.5 | H27: =IFERROR(COUNTIFS('Dataset Limpio'!G2:G2001,"Electrónica",'Dataset Limpio'!X2:X2001,"VERDADERO")/COUNTIF('Dataset Limpio'!G2:G2001,"Electrónica"),0) -> 0.48854962 | I27: =AVERAGEIF('Dataset Limpio'!G2:G2001,"Electrónica",'Dataset Limpio'!S2:S2001) -> 14.961832 | J27: =IFERROR(COUNTIFS('Dataset Limpio'!G2:G2001,"Electrónica",'Dataset Limpio'!AB2:AB2001,"VERDADERO")/COUNTIF('Dataset Limpio'!G2:G2001,"Electrónica"),0) -> 0.57251908
B28: Alimentación | C28: =COUNTIF('Dataset Limpio'!G2:G2001,"Alimentación") -> 235 | D28: =COUNTIF('Dataset Limpio'!G2:G2001,"Alimentación")/COUNTA('Dataset Limpio'!A2:A2001) -> 0.1175 | E28: =SUMIF('Dataset Limpio'!G2:G2001,"Alimentación",'Dataset Limpio'!P2:P2001) -> 10687789 | F28: =SUMIF('Dataset Limpio'!G2:G2001,"Alimentación",'Dataset Limpio'!P2:P2001)/SUM('Dataset Limpio'!P2:P2001) -> 0.021278542 | G28: =SUMIF('Dataset Limpio'!G2:G2001,"Alimentación",'Dataset Limpio'!Q2:Q2001) -> 522883.59 | H28: =IFERROR(COUNTIFS('Dataset Limpio'!G2:G2001,"Alimentación",'Dataset Limpio'!X2:X2001,"VERDADERO")/COUNTIF('Dataset Limpio'!G2:G2001,"Alimentación"),0) -> 0.4893617 | I28: =AVERAGEIF('Dataset Limpio'!G2:G2001,"Alimentación",'Dataset Limpio'!S2:S2001) -> 15.744681 | J28: =IFERROR(COUNTIFS('Dataset Limpio'!G2:G2001,"Alimentación",'Dataset Limpio'!AB2:AB2001,"VERDADERO")/COUNTIF('Dataset Limpio'!G2:G2001,"Alimentación"),0) -> 0.63404255
B29: Farmacia | C29: =COUNTIF('Dataset Limpio'!G2:G2001,"Farmacia") -> 269 | D29: =COUNTIF('Dataset Limpio'!G2:G2001,"Farmacia")/COUNTA('Dataset Limpio'!A2:A2001) -> 0.1345 | E29: =SUMIF('Dataset Limpio'!G2:G2001,"Farmacia",'Dataset Limpio'!P2:P2001) -> 30309925 | F29: =SUMIF('Dataset Limpio'!G2:G2001,"Farmacia",'Dataset Limpio'!P2:P2001)/SUM('Dataset Limpio'!P2:P2001) -> 0.06034466 | G29: =SUMIF('Dataset Limpio'!G2:G2001,"Farmacia",'Dataset Limpio'!Q2:Q2001) -> 1438830.6 | H29: =IFERROR(COUNTIFS('Dataset Limpio'!G2:G2001,"Farmacia",'Dataset Limpio'!X2:X2001,"VERDADERO")/COUNTIF('Dataset Limpio'!G2:G2001,"Farmacia"),0) -> 0.45724907 | I29: =AVERAGEIF('Dataset Limpio'!G2:G2001,"Farmacia",'Dataset Limpio'!S2:S2001) -> 14.486989 | J29: =IFERROR(COUNTIFS('Dataset Limpio'!G2:G2001,"Farmacia",'Dataset Limpio'!AB2:AB2001,"VERDADERO")/COUNTIF('Dataset Limpio'!G2:G2001,"Farmacia"),0) -> 0.57620818
B30: Químicos | C30: =COUNTIF('Dataset Limpio'!G2:G2001,"Químicos") -> 243 | D30: =COUNTIF('Dataset Limpio'!G2:G2001,"Químicos")/COUNTA('Dataset Limpio'!A2:A2001) -> 0.1215 | E30: =SUMIF('Dataset Limpio'!G2:G2001,"Químicos",'Dataset Limpio'!P2:P2001) -> 16057312 | F30: =SUMIF('Dataset Limpio'!G2:G2001,"Químicos",'Dataset Limpio'!P2:P2001)/SUM('Dataset Limpio'!P2:P2001) -> 0.031968837 | G30: =SUMIF('Dataset Limpio'!G2:G2001,"Químicos",'Dataset Limpio'!Q2:Q2001) -> 802542.35 | H30: =IFERROR(COUNTIFS('Dataset Limpio'!G2:G2001,"Químicos",'Dataset Limpio'!X2:X2001,"VERDADERO")/COUNTIF('Dataset Limpio'!G2:G2001,"Químicos"),0) -> 0.53497942 | I30: =AVERAGEIF('Dataset Limpio'!G2:G2001,"Químicos",'Dataset Limpio'!S2:S2001) -> 15.563786 | J30: =IFERROR(COUNTIFS('Dataset Limpio'!G2:G2001,"Químicos",'Dataset Limpio'!AB2:AB2001,"VERDADERO")/COUNTIF('Dataset Limpio'!G2:G2001,"Químicos"),0) -> 0.5308642
B31: Construcción | C31: =COUNTIF('Dataset Limpio'!G2:G2001,"Construcción") -> 249 | D31: =COUNTIF('Dataset Limpio'!G2:G2001,"Construcción")/COUNTA('Dataset Limpio'!A2:A2001) -> 0.1245 | E31: =SUMIF('Dataset Limpio'!G2:G2001,"Construcción",'Dataset Limpio'!P2:P2001) -> 27974410 | F31: =SUMIF('Dataset Limpio'!G2:G2001,"Construcción",'Dataset Limpio'!P2:P2001)/SUM('Dataset Limpio'!P2:P2001) -> 0.055694834 | G31: =SUMIF('Dataset Limpio'!G2:G2001,"Construcción",'Dataset Limpio'!Q2:Q2001) -> 1375369.3 | H31: =IFERROR(COUNTIFS('Dataset Limpio'!G2:G2001,"Construcción",'Dataset Limpio'!X2:X2001,"VERDADERO")/COUNTIF('Dataset Limpio'!G2:G2001,"Construcción"),0) -> 0.4939759 | I31: =AVERAGEIF('Dataset Limpio'!G2:G2001,"Construcción",'Dataset Limpio'!S2:S2001) -> 14.819277 | J31: =IFERROR(COUNTIFS('Dataset Limpio'!G2:G2001,"Construcción",'Dataset Limpio'!AB2:AB2001,"VERDADERO")/COUNTIF('Dataset Limpio'!G2:G2001,"Construcción"),0) -> 0.55823293
B32: Textil | C32: =COUNTIF('Dataset Limpio'!G2:G2001,"Textil") -> 238 | D32: =COUNTIF('Dataset Limpio'!G2:G2001,"Textil")/COUNTA('Dataset Limpio'!A2:A2001) -> 0.119 | E32: =SUMIF('Dataset Limpio'!G2:G2001,"Textil",'Dataset Limpio'!P2:P2001) -> 7652403 | F32: =SUMIF('Dataset Limpio'!G2:G2001,"Textil",'Dataset Limpio'!P2:P2001)/SUM('Dataset Limpio'!P2:P2001) -> 0.015235328 | G32: =SUMIF('Dataset Limpio'!G2:G2001,"Textil",'Dataset Limpio'!Q2:Q2001) -> 371931.34 | H32: =IFERROR(COUNTIFS('Dataset Limpio'!G2:G2001,"Textil",'Dataset Limpio'!X2:X2001,"VERDADERO")/COUNTIF('Dataset Limpio'!G2:G2001,"Textil"),0) -> 0.45798319 | I32: =AVERAGEIF('Dataset Limpio'!G2:G2001,"Textil",'Dataset Limpio'!S2:S2001) -> 14.252101 | J32: =IFERROR(COUNTIFS('Dataset Limpio'!G2:G2001,"Textil",'Dataset Limpio'!AB2:AB2001,"VERDADERO")/COUNTIF('Dataset Limpio'!G2:G2001,"Textil"),0) -> 0.61344538
B33: TOTAL | C33: =COUNTA('Dataset Limpio'!A2:A2001) -> 2000 | D33: =1 -> 1 | E33: =SUM('Dataset Limpio'!P2:P2001) -> 5.0228016e+08 | F33: =1 -> 1 | G33: =SUM('Dataset Limpio'!Q2:Q2001) -> 25014696 | H33: =COUNTIF('Dataset Limpio'!X2:X2001,"VERDADERO")/COUNTA('Dataset Limpio'!A2:A2001) -> 0.485 | I33: =AVERAGE('Dataset Limpio'!S2:S2001) -> 15.1155 | J33: =COUNTIF('Dataset Limpio'!AB2:AB2001,"VERDADERO")/COUNTA('Dataset Limpio'!A2:A2001) -> 0.5765
B35: 4 · ANÁLISIS POR PROVEEDOR
B36: Proveedor | C36: Nº Pedidos | D36: Valor Total (€) | E36: OTIF (%) | F36: Desv. Media (días) | G36: % Incidencias | H36: Lead Time Medio | I36: Coste Transp. (€) | J36: % Coste/Valor
B37: Valencia Port Traders | C37: =COUNTIF('Dataset Limpio'!F2:F2001,"Valencia Port Traders") -> 209 | D37: =SUMIF('Dataset Limpio'!F2:F2001,"Valencia Port Traders",'Dataset Limpio'!P2:P2001) -> 57066672 | E37: =IFERROR(COUNTIFS('Dataset Limpio'!F2:F2001,"Valencia Port Traders",'Dataset Limpio'!X2:X2001,"VERDADERO")/COUNTIF('Dataset Limpio'!F2:F2001,"Valencia Port Traders"),0) -> 0.50239234 | F37: =AVERAGEIF('Dataset Limpio'!F2:F2001,"Valencia Port Traders",'Dataset Limpio'!V2:V2001) -> 1.784689 | G37: =IFERROR(COUNTIFS('Dataset Limpio'!F2:F2001,"Valencia Port Traders",'Dataset Limpio'!AB2:AB2001,"VERDADERO")/COUNTIF('Dataset Limpio'!F2:F2001,"Valencia Port Traders"),0) -> 0.55023923 | H37: =AVERAGEIF('Dataset Limpio'!F2:F2001,"Valencia Port Traders",'Dataset Limpio'!S2:S2001) -> 14.899522 | I37: =SUMIF('Dataset Limpio'!F2:F2001,"Valencia Port Traders",'Dataset Limpio'!Q2:Q2001) -> 2928631.5 | J37: =IFERROR(SUMIF('Dataset Limpio'!F2:F2001,"Valencia Port Traders",'Dataset Limpio'!Q2:Q2001)/SUMIF('Dataset Limpio'!F2:F2001,"Valencia Port Traders",'Dataset Limpio'!P2:P2001),0) -> 0.051319471
B38: LogiTech Supply S.L. | C38: =COUNTIF('Dataset Limpio'!F2:F2001,"LogiTech Supply S.L.") -> 195 | D38: =SUMIF('Dataset Limpio'!F2:F2001,"LogiTech Supply S.L.",'Dataset Limpio'!P2:P2001) -> 56835060 | E38: =IFERROR(COUNTIFS('Dataset Limpio'!F2:F2001,"LogiTech Supply S.L.",'Dataset Limpio'!X2:X2001,"VERDADERO")/COUNTIF('Dataset Limpio'!F2:F2001,"LogiTech Supply S.L."),0) -> 0.4974359 | F38: =AVERAGEIF('Dataset Limpio'!F2:F2001,"LogiTech Supply S.L.",'Dataset Limpio'!V2:V2001) -> 1.7128205 | G38: =IFERROR(COUNTIFS('Dataset Limpio'!F2:F2001,"LogiTech Supply S.L.",'Dataset Limpio'!AB2:AB2001,"VERDADERO")/COUNTIF('Dataset Limpio'!F2:F2001,"LogiTech Supply S.L."),0) -> 0.61025641 | H38: =AVERAGEIF('Dataset Limpio'!F2:F2001,"LogiTech Supply S.L.",'Dataset Limpio'!S2:S2001) -> 14.912821 | I38: =SUMIF('Dataset Limpio'!F2:F2001,"LogiTech Supply S.L.",'Dataset Limpio'!Q2:Q2001) -> 2979690.9 | J38: =IFERROR(SUMIF('Dataset Limpio'!F2:F2001,"LogiTech Supply S.L.",'Dataset Limpio'!Q2:Q2001)/SUMIF('Dataset Limpio'!F2:F2001,"LogiTech Supply S.L.",'Dataset Limpio'!P2:P2001),0) -> 0.052426986
B39: FastShip Iberia | C39: =COUNTIF('Dataset Limpio'!F2:F2001,"FastShip Iberia") -> 225 | D39: =SUMIF('Dataset Limpio'!F2:F2001,"FastShip Iberia",'Dataset Limpio'!P2:P2001) -> 53031676 | E39: =IFERROR(COUNTIFS('Dataset Limpio'!F2:F2001,"FastShip Iberia",'Dataset Limpio'!X2:X2001,"VERDADERO")/COUNTIF('Dataset Limpio'!F2:F2001,"FastShip Iberia"),0) -> 0.52 | F39: =AVERAGEIF('Dataset Limpio'!F2:F2001,"FastShip Iberia",'Dataset Limpio'!V2:V2001) -> 1.5866667 | G39: =IFERROR(COUNTIFS('Dataset Limpio'!F2:F2001,"FastShip Iberia",'Dataset Limpio'!AB2:AB2001,"VERDADERO")/COUNTIF('Dataset Limpio'!F2:F2001,"FastShip Iberia"),0) -> 0.51555556 | H39: =AVERAGEIF('Dataset Limpio'!F2:F2001,"FastShip Iberia",'Dataset Limpio'!S2:S2001) -> 14.782222 | I39: =SUMIF('Dataset Limpio'!F2:F2001,"FastShip Iberia",'Dataset Limpio'!Q2:Q2001) -> 2588353.1 | J39: =IFERROR(SUMIF('Dataset Limpio'!F2:F2001,"FastShip Iberia",'Dataset Limpio'!Q2:Q2001)/SUMIF('Dataset Limpio'!F2:F2001,"FastShip Iberia",'Dataset Limpio'!P2:P2001),0) -> 0.048807681
B40: EuroDistrib S.A. | C40: =COUNTIF('Dataset Limpio'!F2:F2001,"EuroDistrib S.A.") -> 199 | D40: =SUMIF('Dataset Limpio'!F2:F2001,"EuroDistrib S.A.",'Dataset Limpio'!P2:P2001) -> 48391808 | E40: =IFERROR(COUNTIFS('Dataset Limpio'!F2:F2001,"EuroDistrib S.A.",'Dataset Limpio'!X2:X2001,"VERDADERO")/COUNTIF('Dataset Limpio'!F2:F2001,"EuroDistrib S.A."),0) -> 0.53768844 | F40: =AVERAGEIF('Dataset Limpio'!F2:F2001,"EuroDistrib S.A.",'Dataset Limpio'!V2:V2001) -> 1.9246231 | G40: =IFERROR(COUNTIFS('Dataset Limpio'!F2:F2001,"EuroDistrib S.A.",'Dataset Limpio'!AB2:AB2001,"VERDADERO")/COUNTIF('Dataset Limpio'!F2:F2001,"EuroDistrib S.A."),0) -> 0.61306533 | H40: =AVERAGEIF('Dataset Limpio'!F2:F2001,"EuroDistrib S.A.",'Dataset Limpio'!S2:S2001) -> 14.643216 | I40: =SUMIF('Dataset Limpio'!F2:F2001,"EuroDistrib S.A.",'Dataset Limpio'!Q2:Q2001) -> 2395368.3 | J40: =IFERROR(SUMIF('Dataset Limpio'!F2:F2001,"EuroDistrib S.A.",'Dataset Limpio'!Q2:Q2001)/SUMIF('Dataset Limpio'!F2:F2001,"EuroDistrib S.A.",'Dataset Limpio'!P2:P2001),0) -> 0.049499458
B41: PenínsulaLogis | C41: =COUNTIF('Dataset Limpio'!F2:F2001,"PenínsulaLogis") -> 206 | D41: =SUMIF('Dataset Limpio'!F2:F2001,"PenínsulaLogis",'Dataset Limpio'!P2:P2001) -> 49119204 | E41: =IFERROR(COUNTIFS('Dataset Limpio'!F2:F2001,"PenínsulaLogis",'Dataset Limpio'!X2:X2001,"VERDADERO")/COUNTIF('Dataset Limpio'!F2:F2001,"PenínsulaLogis"),0) -> 0.52427184 | F41: =AVERAGEIF('Dataset Limpio'!F2:F2001,"PenínsulaLogis",'Dataset Limpio'!V2:V2001) -> 1.7475728 | G41: =IFERROR(COUNTIFS('Dataset Limpio'!F2:F2001,"PenínsulaLogis",'Dataset Limpio'!AB2:AB2001,"VERDADERO")/COUNTIF('Dataset Limpio'!F2:F2001,"PenínsulaLogis"),0) -> 0.56796117 | H41: =AVERAGEIF('Dataset Limpio'!F2:F2001,"PenínsulaLogis",'Dataset Limpio'!S2:S2001) -> 16.15534 | I41: =SUMIF('Dataset Limpio'!F2:F2001,"PenínsulaLogis",'Dataset Limpio'!Q2:Q2001) -> 2311265.2 | J41: =IFERROR(SUMIF('Dataset Limpio'!F2:F2001,"PenínsulaLogis",'Dataset Limpio'!Q2:Q2001)/SUMIF('Dataset Limpio'!F2:F2001,"PenínsulaLogis",'Dataset Limpio'!P2:P2001),0) -> 0.047054206
B42: MadridPack S.A. | C42: =COUNTIF('Dataset Limpio'!F2:F2001,"MadridPack S.A.") -> 195 | D42: =SUMIF('Dataset Limpio'!F2:F2001,"MadridPack S.A.",'Dataset Limpio'!P2:P2001) -> 48891141 | E42: =IFERROR(COUNTIFS('Dataset Limpio'!F2:F2001,"MadridPack S.A.",'Dataset Limpio'!X2:X2001,"VERDADERO")/COUNTIF('Dataset Limpio'!F2:F2001,"MadridPack S.A."),0) -> 0.5025641 | F42: =AVERAGEIF('Dataset Limpio'!F2:F2001,"MadridPack S.A.",'Dataset Limpio'!V2:V2001) -> 1.774359 | G42: =IFERROR(COUNTIFS('Dataset Limpio'!F2:F2001,"MadridPack S.A.",'Dataset Limpio'!AB2:AB2001,"VERDADERO")/COUNTIF('Dataset Limpio'!F2:F2001,"MadridPack S.A."),0) -> 0.54358974 | H42: =AVERAGEIF('Dataset Limpio'!F2:F2001,"MadridPack S.A.",'Dataset Limpio'!S2:S2001) -> 15.164103 | I42: =SUMIF('Dataset Limpio'!F2:F2001,"MadridPack S.A.",'Dataset Limpio'!Q2:Q2001) -> 2350290.1 | J42: =IFERROR(SUMIF('Dataset Limpio'!F2:F2001,"MadridPack S.A.",'Dataset Limpio'!Q2:Q2001)/SUMIF('Dataset Limpio'!F2:F2001,"MadridPack S.A.",'Dataset Limpio'!P2:P2001),0) -> 0.048071901
B43: TransEuro Logistics | C43: =COUNTIF('Dataset Limpio'!F2:F2001,"TransEuro Logistics") -> 192 | D43: =SUMIF('Dataset Limpio'!F2:F2001,"TransEuro Logistics",'Dataset Limpio'!P2:P2001) -> 52666077 | E43: =IFERROR(COUNTIFS('Dataset Limpio'!F2:F2001,"TransEuro Logistics",'Dataset Limpio'!X2:X2001,"VERDADERO")/COUNTIF('Dataset Limpio'!F2:F2001,"TransEuro Logistics"),0) -> 0.46354167 | F43: =AVERAGEIF('Dataset Limpio'!F2:F2001,"TransEuro Logistics",'Dataset Limpio'!V2:V2001) -> 2.1979167 | G43: =IFERROR(COUNTIFS('Dataset Limpio'!F2:F2001,"TransEuro Logistics",'Dataset Limpio'!AB2:AB2001,"VERDADERO")/COUNTIF('Dataset Limpio'!F2:F2001,"TransEuro Logistics"),0) -> 0.53645833 | H43: =AVERAGEIF('Dataset Limpio'!F2:F2001,"TransEuro Logistics",'Dataset Limpio'!S2:S2001) -> 15.375 | I43: =SUMIF('Dataset Limpio'!F2:F2001,"TransEuro Logistics",'Dataset Limpio'!Q2:Q2001) -> 2684116.1 | J43: =IFERROR(SUMIF('Dataset Limpio'!F2:F2001,"TransEuro Logistics",'Dataset Limpio'!Q2:Q2001)/SUMIF('Dataset Limpio'!F2:F2001,"TransEuro Logistics",'Dataset Limpio'!P2:P2001),0) -> 0.0509648
B44: Iberian Freight Co. | C44: =COUNTIF('Dataset Limpio'!F2:F2001,"Iberian Freight Co.") -> 186 | D44: =SUMIF('Dataset Limpio'!F2:F2001,"Iberian Freight Co.",'Dataset Limpio'!P2:P2001) -> 44190510 | E44: =IFERROR(COUNTIFS('Dataset Limpio'!F2:F2001,"Iberian Freight Co.",'Dataset Limpio'!X2:X2001,"VERDADERO")/COUNTIF('Dataset Limpio'!F2:F2001,"Iberian Freight Co."),0) -> 0.46236559 | F44: =AVERAGEIF('Dataset Limpio'!F2:F2001,"Iberian Freight Co.",'Dataset Limpio'!V2:V2001) -> 2.1451613 | G44: =IFERROR(COUNTIFS('Dataset Limpio'!F2:F2001,"Iberian Freight Co.",'Dataset Limpio'!AB2:AB2001,"VERDADERO")/COUNTIF('Dataset Limpio'!F2:F2001,"Iberian Freight Co."),0) -> 0.66129032 | H44: =AVERAGEIF('Dataset Limpio'!F2:F2001,"Iberian Freight Co.",'Dataset Limpio'!S2:S2001) -> 14.822581 | I44: =SUMIF('Dataset Limpio'!F2:F2001,"Iberian Freight Co.",'Dataset Limpio'!Q2:Q2001) -> 2187540.7 | J44: =IFERROR(SUMIF('Dataset Limpio'!F2:F2001,"Iberian Freight Co.",'Dataset Limpio'!Q2:Q2001)/SUMIF('Dataset Limpio'!F2:F2001,"Iberian Freight Co.",'Dataset Limpio'!P2:P2001),0) -> 0.049502499
B45: Global Parts S.L. | C45: =COUNTIF('Dataset Limpio'!F2:F2001,"Global Parts S.L.") -> 209 | D45: =SUMIF('Dataset Limpio'!F2:F2001,"Global Parts S.L.",'Dataset Limpio'!P2:P2001) -> 48417095 | E45: =IFERROR(COUNTIFS('Dataset Limpio'!F2:F2001,"Global Parts S.L.",'Dataset Limpio'!X2:X2001,"VERDADERO")/COUNTIF('Dataset Limpio'!F2:F2001,"Global Parts S.L."),0) -> 0.44019139 | F45: =AVERAGEIF('Dataset Limpio'!F2:F2001,"Global Parts S.L.",'Dataset Limpio'!V2:V2001) -> 2.1435407 | G45: =IFERROR(COUNTIFS('Dataset Limpio'!F2:F2001,"Global Parts S.L.",'Dataset Limpio'!AB2:AB2001,"VERDADERO")/COUNTIF('Dataset Limpio'!F2:F2001,"Global Parts S.L."),0) -> 0.56937799 | H45: =AVERAGEIF('Dataset Limpio'!F2:F2001,"Global Parts S.L.",'Dataset Limpio'!S2:S2001) -> 14.779904 | I45: =SUMIF('Dataset Limpio'!F2:F2001,"Global Parts S.L.",'Dataset Limpio'!Q2:Q2001) -> 2494067.3 | J45: =IFERROR(SUMIF('Dataset Limpio'!F2:F2001,"Global Parts S.L.",'Dataset Limpio'!Q2:Q2001)/SUMIF('Dataset Limpio'!F2:F2001,"Global Parts S.L.",'Dataset Limpio'!P2:P2001),0) -> 0.051512121
B46: Almería Fresh Supply | C46: =COUNTIF('Dataset Limpio'!F2:F2001,"Almería Fresh Supply") -> 184 | D46: =SUMIF('Dataset Limpio'!F2:F2001,"Almería Fresh Supply",'Dataset Limpio'!P2:P2001) -> 43670911 | E46: =IFERROR(COUNTIFS('Dataset Limpio'!F2:F2001,"Almería Fresh Supply",'Dataset Limpio'!X2:X2001,"VERDADERO")/COUNTIF('Dataset Limpio'!F2:F2001,"Almería Fresh Supply"),0) -> 0.38586957 | F46: =AVERAGEIF('Dataset Limpio'!F2:F2001,"Almería Fresh Supply",'Dataset Limpio'!V2:V2001) -> 2.8152174 | G46: =IFERROR(COUNTIFS('Dataset Limpio'!F2:F2001,"Almería Fresh Supply",'Dataset Limpio'!AB2:AB2001,"VERDADERO")/COUNTIF('Dataset Limpio'!F2:F2001,"Almería Fresh Supply"),0) -> 0.61413043 | H46: =AVERAGEIF('Dataset Limpio'!F2:F2001,"Almería Fresh Supply",'Dataset Limpio'!S2:S2001) -> 15.684783 | I46: =SUMIF('Dataset Limpio'!F2:F2001,"Almería Fresh Supply",'Dataset Limpio'!Q2:Q2001) -> 2095372.9 | J46: =IFERROR(SUMIF('Dataset Limpio'!F2:F2001,"Almería Fresh Supply",'Dataset Limpio'!Q2:Q2001)/SUMIF('Dataset Limpio'!F2:F2001,"Almería Fresh Supply",'Dataset Limpio'!P2:P2001),0) -> 0.047980975
B48: 5 · ANÁLISIS POR ALMACÉN DE DESTINO
B49: Almacén | C49: Nº Pedidos | D49: % s/Total | E49: Valor Total (€) | F49: Coste Transp. (€) | G49: OTIF (%) | H49: Lead Time Medio | I49: Desv. Media | J49: % Incidencias
B50: ALM-VAL-01 | C50: =COUNTIF('Dataset Limpio'!I2:I2001,"ALM-VAL-01") -> 342 | D50: =COUNTIF('Dataset Limpio'!I2:I2001,"ALM-VAL-01")/COUNTA('Dataset Limpio'!A2:A2001) -> 0.171 | E50: =SUMIF('Dataset Limpio'!I2:I2001,"ALM-VAL-01",'Dataset Limpio'!P2:P2001) -> 87805789 | F50: =SUMIF('Dataset Limpio'!I2:I2001,"ALM-VAL-01",'Dataset Limpio'!Q2:Q2001) -> 4405174.9 | G50: =IFERROR(COUNTIFS('Dataset Limpio'!I2:I2001,"ALM-VAL-01",'Dataset Limpio'!X2:X2001,"VERDADERO")/COUNTIF('Dataset Limpio'!I2:I2001,"ALM-VAL-01"),0) -> 0.51461988 | H50: =AVERAGEIF('Dataset Limpio'!I2:I2001,"ALM-VAL-01",'Dataset Limpio'!S2:S2001) -> 15.371345 | I50: =AVERAGEIF('Dataset Limpio'!I2:I2001,"ALM-VAL-01",'Dataset Limpio'!V2:V2001) -> 1.5 | J50: =IFERROR(COUNTIFS('Dataset Limpio'!I2:I2001,"ALM-VAL-01",'Dataset Limpio'!AB2:AB2001,"VERDADERO")/COUNTIF('Dataset Limpio'!I2:I2001,"ALM-VAL-01"),0) -> 0.5380117
B51: ALM-MAD-02 | C51: =COUNTIF('Dataset Limpio'!I2:I2001,"ALM-MAD-02") -> 346 | D51: =COUNTIF('Dataset Limpio'!I2:I2001,"ALM-MAD-02")/COUNTA('Dataset Limpio'!A2:A2001) -> 0.173 | E51: =SUMIF('Dataset Limpio'!I2:I2001,"ALM-MAD-02",'Dataset Limpio'!P2:P2001) -> 86975156 | F51: =SUMIF('Dataset Limpio'!I2:I2001,"ALM-MAD-02",'Dataset Limpio'!Q2:Q2001) -> 4251448.3 | G51: =IFERROR(COUNTIFS('Dataset Limpio'!I2:I2001,"ALM-MAD-02",'Dataset Limpio'!X2:X2001,"VERDADERO")/COUNTIF('Dataset Limpio'!I2:I2001,"ALM-MAD-02"),0) -> 0.45953757 | H51: =AVERAGEIF('Dataset Limpio'!I2:I2001,"ALM-MAD-02",'Dataset Limpio'!S2:S2001) -> 14.884393 | I51: =AVERAGEIF('Dataset Limpio'!I2:I2001,"ALM-MAD-02",'Dataset Limpio'!V2:V2001) -> 2.283237 | J51: =IFERROR(COUNTIFS('Dataset Limpio'!I2:I2001,"ALM-MAD-02",'Dataset Limpio'!AB2:AB2001,"VERDADERO")/COUNTIF('Dataset Limpio'!I2:I2001,"ALM-MAD-02"),0) -> 0.55491329
B52: ALM-BCN-01 | C52: =COUNTIF('Dataset Limpio'!I2:I2001,"ALM-BCN-01") -> 319 | D52: =COUNTIF('Dataset Limpio'!I2:I2001,"ALM-BCN-01")/COUNTA('Dataset Limpio'!A2:A2001) -> 0.1595 | E52: =SUMIF('Dataset Limpio'!I2:I2001,"ALM-BCN-01",'Dataset Limpio'!P2:P2001) -> 84453839 | F52: =SUMIF('Dataset Limpio'!I2:I2001,"ALM-BCN-01",'Dataset Limpio'!Q2:Q2001) -> 4286721.5 | G52: =IFERROR(COUNTIFS('Dataset Limpio'!I2:I2001,"ALM-BCN-01",'Dataset Limpio'!X2:X2001,"VERDADERO")/COUNTIF('Dataset Limpio'!I2:I2001,"ALM-BCN-01"),0) -> 0.47962382 | H52: =AVERAGEIF('Dataset Limpio'!I2:I2001,"ALM-BCN-01",'Dataset Limpio'!S2:S2001) -> 15.197492 | I52: =AVERAGEIF('Dataset Limpio'!I2:I2001,"ALM-BCN-01",'Dataset Limpio'!V2:V2001) -> 2.0188088 | J52: =IFERROR(COUNTIFS('Dataset Limpio'!I2:I2001,"ALM-BCN-01",'Dataset Limpio'!AB2:AB2001,"VERDADERO")/COUNTIF('Dataset Limpio'!I2:I2001,"ALM-BCN-01"),0) -> 0.53605016
B53: ALM-SEV-01 | C53: =COUNTIF('Dataset Limpio'!I2:I2001,"ALM-SEV-01") -> 317 | D53: =COUNTIF('Dataset Limpio'!I2:I2001,"ALM-SEV-01")/COUNTA('Dataset Limpio'!A2:A2001) -> 0.1585 | E53: =SUMIF('Dataset Limpio'!I2:I2001,"ALM-SEV-01",'Dataset Limpio'!P2:P2001) -> 83792138 | F53: =SUMIF('Dataset Limpio'!I2:I2001,"ALM-SEV-01",'Dataset Limpio'!Q2:Q2001) -> 4178275.2 | G53: =IFERROR(COUNTIFS('Dataset Limpio'!I2:I2001,"ALM-SEV-01",'Dataset Limpio'!X2:X2001,"VERDADERO")/COUNTIF('Dataset Limpio'!I2:I2001,"ALM-SEV-01"),0) -> 0.51104101 | H53: =AVERAGEIF('Dataset Limpio'!I2:I2001,"ALM-SEV-01",'Dataset Limpio'!S2:S2001) -> 15.44795 | I53: =AVERAGEIF('Dataset Limpio'!I2:I2001,"ALM-SEV-01",'Dataset Limpio'!V2:V2001) -> 1.955836 | J53: =IFERROR(COUNTIFS('Dataset Limpio'!I2:I2001,"ALM-SEV-01",'Dataset Limpio'!AB2:AB2001,"VERDADERO")/COUNTIF('Dataset Limpio'!I2:I2001,"ALM-SEV-01"),0) -> 0.61829653
B54: ALM-ZGZ-01 | C54: =COUNTIF('Dataset Limpio'!I2:I2001,"ALM-ZGZ-01") -> 352 | D54: =COUNTIF('Dataset Limpio'!I2:I2001,"ALM-ZGZ-01")/COUNTA('Dataset Limpio'!A2:A2001) -> 0.176 | E54: =SUMIF('Dataset Limpio'!I2:I2001,"ALM-ZGZ-01",'Dataset Limpio'!P2:P2001) -> 80504591 | F54: =SUMIF('Dataset Limpio'!I2:I2001,"ALM-ZGZ-01",'Dataset Limpio'!Q2:Q2001) -> 3952704.5 | G54: =IFERROR(COUNTIFS('Dataset Limpio'!I2:I2001,"ALM-ZGZ-01",'Dataset Limpio'!X2:X2001,"VERDADERO")/COUNTIF('Dataset Limpio'!I2:I2001,"ALM-ZGZ-01"),0) -> 0.47159091 | H54: =AVERAGEIF('Dataset Limpio'!I2:I2001,"ALM-ZGZ-01",'Dataset Limpio'!S2:S2001) -> 14.755682 | I54: =AVERAGEIF('Dataset Limpio'!I2:I2001,"ALM-ZGZ-01",'Dataset Limpio'!V2:V2001) -> 2.0767045 | J54: =IFERROR(COUNTIFS('Dataset Limpio'!I2:I2001,"ALM-ZGZ-01",'Dataset Limpio'!AB2:AB2001,"VERDADERO")/COUNTIF('Dataset Limpio'!I2:I2001,"ALM-ZGZ-01"),0) -> 0.63636364
B55: ALM-MAD-01 | C55: =COUNTIF('Dataset Limpio'!I2:I2001,"ALM-MAD-01") -> 324 | D55: =COUNTIF('Dataset Limpio'!I2:I2001,"ALM-MAD-01")/COUNTA('Dataset Limpio'!A2:A2001) -> 0.162 | E55: =SUMIF('Dataset Limpio'!I2:I2001,"ALM-MAD-01",'Dataset Limpio'!P2:P2001) -> 78748643 | F55: =SUMIF('Dataset Limpio'!I2:I2001,"ALM-MAD-01",'Dataset Limpio'!Q2:Q2001) -> 3940371.6 | G55: =IFERROR(COUNTIFS('Dataset Limpio'!I2:I2001,"ALM-MAD-01",'Dataset Limpio'!X2:X2001,"VERDADERO")/COUNTIF('Dataset Limpio'!I2:I2001,"ALM-MAD-01"),0) -> 0.47530864 | H55: =AVERAGEIF('Dataset Limpio'!I2:I2001,"ALM-MAD-01",'Dataset Limpio'!S2:S2001) -> 15.07716 | I55: =AVERAGEIF('Dataset Limpio'!I2:I2001,"ALM-MAD-01",'Dataset Limpio'!V2:V2001) -> 1.9814815 | J55: =IFERROR(COUNTIFS('Dataset Limpio'!I2:I2001,"ALM-MAD-01",'Dataset Limpio'!AB2:AB2001,"VERDADERO")/COUNTIF('Dataset Limpio'!I2:I2001,"ALM-MAD-01"),0) -> 0.57407407
B57: 6 · ANÁLISIS POR MODO DE TRANSPORTE
B58: Modo Transporte | C58: Nº Pedidos | D58: % s/Total | E58: Valor Total (€) | F58: Coste Transp. (€) | G58: % Coste/Valor | H58: OTIF (%) | I58: Lead Time Medio | J58: Desv. Media
B59: Marítimo | C59: =COUNTIF('Dataset Limpio'!K2:K2001,"Marítimo") -> 382 | D59: =COUNTIF('Dataset Limpio'!K2:K2001,"Marítimo")/COUNTA('Dataset Limpio'!A2:A2001) -> 0.191 | E59: =SUMIF('Dataset Limpio'!K2:K2001,"Marítimo",'Dataset Limpio'!P2:P2001) -> 95422707 | F59: =SUMIF('Dataset Limpio'!K2:K2001,"Marítimo",'Dataset Limpio'!Q2:Q2001) -> 4572958.2 | G59: =IFERROR(SUMIF('Dataset Limpio'!K2:K2001,"Marítimo",'Dataset Limpio'!Q2:Q2001)/SUMIF('Dataset Limpio'!K2:K2001,"Marítimo",'Dataset Limpio'!P2:P2001),0) -> 0.047923166 | H59: =IFERROR(COUNTIFS('Dataset Limpio'!K2:K2001,"Marítimo",'Dataset Limpio'!X2:X2001,"VERDADERO")/COUNTIF('Dataset Limpio'!K2:K2001,"Marítimo"),0) -> 0.52094241 | I59: =AVERAGEIF('Dataset Limpio'!K2:K2001,"Marítimo",'Dataset Limpio'!S2:S2001) -> 15.117801 | J59: =AVERAGEIF('Dataset Limpio'!K2:K2001,"Marítimo",'Dataset Limpio'!V2:V2001) -> 1.5078534
B60: Camión LTL | C60: =COUNTIF('Dataset Limpio'!K2:K2001,"Camión LTL") -> 391 | D60: =COUNTIF('Dataset Limpio'!K2:K2001,"Camión LTL")/COUNTA('Dataset Limpio'!A2:A2001) -> 0.1955 | E60: =SUMIF('Dataset Limpio'!K2:K2001,"Camión LTL",'Dataset Limpio'!P2:P2001) -> 93409905 | F60: =SUMIF('Dataset Limpio'!K2:K2001,"Camión LTL",'Dataset Limpio'!Q2:Q2001) -> 4585060.8 | G60: =IFERROR(SUMIF('Dataset Limpio'!K2:K2001,"Camión LTL",'Dataset Limpio'!Q2:Q2001)/SUMIF('Dataset Limpio'!K2:K2001,"Camión LTL",'Dataset Limpio'!P2:P2001),0) -> 0.049085381 | H60: =IFERROR(COUNTIFS('Dataset Limpio'!K2:K2001,"Camión LTL",'Dataset Limpio'!X2:X2001,"VERDADERO")/COUNTIF('Dataset Limpio'!K2:K2001,"Camión LTL"),0) -> 0.50895141 | I60: =AVERAGEIF('Dataset Limpio'!K2:K2001,"Camión LTL",'Dataset Limpio'!S2:S2001) -> 15.163683 | J60: =AVERAGEIF('Dataset Limpio'!K2:K2001,"Camión LTL",'Dataset Limpio'!V2:V2001) -> 1.9309463
B61: Camión FTL | C61: =COUNTIF('Dataset Limpio'!K2:K2001,"Camión FTL") -> 435 | D61: =COUNTIF('Dataset Limpio'!K2:K2001,"Camión FTL")/COUNTA('Dataset Limpio'!A2:A2001) -> 0.2175 | E61: =SUMIF('Dataset Limpio'!K2:K2001,"Camión FTL",'Dataset Limpio'!P2:P2001) -> 1.105188e+08 | F61: =SUMIF('Dataset Limpio'!K2:K2001,"Camión FTL",'Dataset Limpio'!Q2:Q2001) -> 5829619.7 | G61: =IFERROR(SUMIF('Dataset Limpio'!K2:K2001,"Camión FTL",'Dataset Limpio'!Q2:Q2001)/SUMIF('Dataset Limpio'!K2:K2001,"Camión FTL",'Dataset Limpio'!P2:P2001),0) -> 0.052747765 | H61: =IFERROR(COUNTIFS('Dataset Limpio'!K2:K2001,"Camión FTL",'Dataset Limpio'!X2:X2001,"VERDADERO")/COUNTIF('Dataset Limpio'!K2:K2001,"Camión FTL"),0) -> 0.48045977 | I61: =AVERAGEIF('Dataset Limpio'!K2:K2001,"Camión FTL",'Dataset Limpio'!S2:S2001) -> 14.714943 | J61: =AVERAGEIF('Dataset Limpio'!K2:K2001,"Camión FTL",'Dataset Limpio'!V2:V2001) -> 1.845977
B62: Ferroviario | C62: =COUNTIF('Dataset Limpio'!K2:K2001,"Ferroviario") -> 403 | D62: =COUNTIF('Dataset Limpio'!K2:K2001,"Ferroviario")/COUNTA('Dataset Limpio'!A2:A2001) -> 0.2015 | E62: =SUMIF('Dataset Limpio'!K2:K2001,"Ferroviario",'Dataset Limpio'!P2:P2001) -> 1.0671511e+08 | F62: =SUMIF('Dataset Limpio'!K2:K2001,"Ferroviario",'Dataset Limpio'!Q2:Q2001) -> 5515318 | G62: =IFERROR(SUMIF('Dataset Limpio'!K2:K2001,"Ferroviario",'Dataset Limpio'!Q2:Q2001)/SUMIF('Dataset Limpio'!K2:K2001,"Ferroviario",'Dataset Limpio'!P2:P2001),0) -> 0.051682634 | H62: =IFERROR(COUNTIFS('Dataset Limpio'!K2:K2001,"Ferroviario",'Dataset Limpio'!X2:X2001,"VERDADERO")/COUNTIF('Dataset Limpio'!K2:K2001,"Ferroviario"),0) -> 0.47890819 | I62: =AVERAGEIF('Dataset Limpio'!K2:K2001,"Ferroviario",'Dataset Limpio'!S2:S2001) -> 15.295285 | J62: =AVERAGEIF('Dataset Limpio'!K2:K2001,"Ferroviario",'Dataset Limpio'!V2:V2001) -> 2.0918114
B63: Aéreo | C63: =COUNTIF('Dataset Limpio'!K2:K2001,"Aéreo") -> 389 | D63: =COUNTIF('Dataset Limpio'!K2:K2001,"Aéreo")/COUNTA('Dataset Limpio'!A2:A2001) -> 0.1945 | E63: =SUMIF('Dataset Limpio'!K2:K2001,"Aéreo",'Dataset Limpio'!P2:P2001) -> 96213632 | F63: =SUMIF('Dataset Limpio'!K2:K2001,"Aéreo",'Dataset Limpio'!Q2:Q2001) -> 4511739.3 | G63: =IFERROR(SUMIF('Dataset Limpio'!K2:K2001,"Aéreo",'Dataset Limpio'!Q2:Q2001)/SUMIF('Dataset Limpio'!K2:K2001,"Aéreo",'Dataset Limpio'!P2:P2001),0) -> 0.046892932 | H63: =IFERROR(COUNTIFS('Dataset Limpio'!K2:K2001,"Aéreo",'Dataset Limpio'!X2:X2001,"VERDADERO")/COUNTIF('Dataset Limpio'!K2:K2001,"Aéreo"),0) -> 0.43701799 | I63: =AVERAGEIF('Dataset Limpio'!K2:K2001,"Aéreo",'Dataset Limpio'!S2:S2001) -> 15.326478 | J63: =AVERAGEIF('Dataset Limpio'!K2:K2001,"Aéreo",'Dataset Limpio'!V2:V2001) -> 2.4755784
B65: 7 · ANÁLISIS DE INCIDENCIAS
B66: Tipo Incidencia | C66: Nº Casos | D66: % s/Total Pedidos | E66: % s/Total Incidencias | F66: Valor afectado (€) | G66: Lead Time Medio | H66: Desv. Media (días)
B67: Error de cantidad | C67: =COUNTIF('Dataset Limpio'!AA2:AA2001,"Error de cantidad") -> 300 | D67: =COUNTIF('Dataset Limpio'!AA2:AA2001,"Error de cantidad")/COUNTA('Dataset Limpio'!A2:A2001) -> 0.15 | E67: =IFERROR(COUNTIF('Dataset Limpio'!AA2:AA2001,"Error de cantidad")/COUNTIF('Dataset Limpio'!AB2:AB2001,"VERDADERO"),0) -> 0.26019081 | F67: =SUMIF('Dataset Limpio'!AA2:AA2001,"Error de cantidad",'Dataset Limpio'!P2:P2001) -> 72920559 | G67: =AVERAGEIF('Dataset Limpio'!AA2:AA2001,"Error de cantidad",'Dataset Limpio'!S2:S2001) -> 15.146667 | H67: =AVERAGEIF('Dataset Limpio'!AA2:AA2001,"Error de cantidad",'Dataset Limpio'!V2:V2001) -> 2.23
B68: Daño en mercancía | C68: =COUNTIF('Dataset Limpio'!AA2:AA2001,"Daño en mercancía") -> 299 | D68: =COUNTIF('Dataset Limpio'!AA2:AA2001,"Daño en mercancía")/COUNTA('Dataset Limpio'!A2:A2001) -> 0.1495 | E68: =IFERROR(COUNTIF('Dataset Limpio'!AA2:AA2001,"Daño en mercancía")/COUNTIF('Dataset Limpio'!AB2:AB2001,"VERDADERO"),0) -> 0.2593235 | F68: =SUMIF('Dataset Limpio'!AA2:AA2001,"Daño en mercancía",'Dataset Limpio'!P2:P2001) -> 80252628 | G68: =AVERAGEIF('Dataset Limpio'!AA2:AA2001,"Daño en mercancía",'Dataset Limpio'!S2:S2001) -> 15.056856 | H68: =AVERAGEIF('Dataset Limpio'!AA2:AA2001,"Daño en mercancía",'Dataset Limpio'!V2:V2001) -> 2.1270903
B69: Pérdida parcial | C69: =COUNTIF('Dataset Limpio'!AA2:AA2001,"Pérdida parcial") -> 282 | D69: =COUNTIF('Dataset Limpio'!AA2:AA2001,"Pérdida parcial")/COUNTA('Dataset Limpio'!A2:A2001) -> 0.141 | E69: =IFERROR(COUNTIF('Dataset Limpio'!AA2:AA2001,"Pérdida parcial")/COUNTIF('Dataset Limpio'!AB2:AB2001,"VERDADERO"),0) -> 0.24457936 | F69: =SUMIF('Dataset Limpio'!AA2:AA2001,"Pérdida parcial",'Dataset Limpio'!P2:P2001) -> 59868910 | G69: =AVERAGEIF('Dataset Limpio'!AA2:AA2001,"Pérdida parcial",'Dataset Limpio'!S2:S2001) -> 14.652482 | H69: =AVERAGEIF('Dataset Limpio'!AA2:AA2001,"Pérdida parcial",'Dataset Limpio'!V2:V2001) -> 1.9964539
B70: Documentación incompleta | C70: =COUNTIF('Dataset Limpio'!AA2:AA2001,"Documentación incompleta") -> 272 | D70: =COUNTIF('Dataset Limpio'!AA2:AA2001,"Documentación incompleta")/COUNTA('Dataset Limpio'!A2:A2001) -> 0.136 | E70: =IFERROR(COUNTIF('Dataset Limpio'!AA2:AA2001,"Documentación incompleta")/COUNTIF('Dataset Limpio'!AB2:AB2001,"VERDADERO"),0) -> 0.23590633 | F70: =SUMIF('Dataset Limpio'!AA2:AA2001,"Documentación incompleta",'Dataset Limpio'!P2:P2001) -> 74234286 | G70: =AVERAGEIF('Dataset Limpio'!AA2:AA2001,"Documentación incompleta",'Dataset Limpio'!S2:S2001) -> 15.569853 | H70: =AVERAGEIF('Dataset Limpio'!AA2:AA2001,"Documentación incompleta",'Dataset Limpio'!V2:V2001) -> 2.1066176
B71: TOTAL CON INCIDENCIA | C71: =COUNTIF('Dataset Limpio'!AB2:AB2001,"VERDADERO") -> 1153 | D71: =COUNTIF('Dataset Limpio'!AB2:AB2001,"VERDADERO")/COUNTA('Dataset Limpio'!A2:A2001) -> 0.5765 | E71: =1 -> 1 | F71: =SUMIF('Dataset Limpio'!AB2:AB2001,"VERDADERO",'Dataset Limpio'!P2:P2001) -> 2.8727638e+08 | G71: =IFERROR(AVERAGEIFS('Dataset Limpio'!S2:S2001,'Dataset Limpio'!AB2:AB2001,"VERDADERO"),0) -> 15.102342 | H71: =IFERROR(AVERAGEIFS('Dataset Limpio'!V2:V2001,'Dataset Limpio'!AB2:AB2001,"VERDADERO"),0) -> 2.1170859
B73: 8 · EVOLUCIÓN TEMPORAL
B74: Año | C74: Nº Pedidos | D74: Valor Total (€) | E74: Coste Transp. (€) | F74: OTIF (%) | G74: % Retrasos | H74: Desv. Media | I74: Lead Time Medio | J74: % Incidencias
B75: 2023 | C75: =COUNTIF('Dataset Limpio'!C2:C2001,2023) -> 981 | D75: =SUMIF('Dataset Limpio'!C2:C2001,2023,'Dataset Limpio'!P2:P2001) -> 2.4769969e+08 | E75: =SUMIF('Dataset Limpio'!C2:C2001,2023,'Dataset Limpio'!Q2:Q2001) -> 12457901 | F75: =IFERROR(COUNTIFS('Dataset Limpio'!C2:C2001,2023,'Dataset Limpio'!X2:X2001,"VERDADERO")/COUNTIF('Dataset Limpio'!C2:C2001,2023),0) -> 0.49643221 | G75: =IFERROR(COUNTIFS('Dataset Limpio'!C2:C2001,2023,'Dataset Limpio'!W2:W2001,"Retrasado")/COUNTIF('Dataset Limpio'!C2:C2001,2023),0) -> 0.26503568 | H75: =AVERAGEIF('Dataset Limpio'!C2:C2001,2023,'Dataset Limpio'!V2:V2001) -> 1.9215087 | I75: =AVERAGEIF('Dataset Limpio'!C2:C2001,2023,'Dataset Limpio'!S2:S2001) -> 14.958206 | J75: =IFERROR(COUNTIFS('Dataset Limpio'!C2:C2001,2023,'Dataset Limpio'!AB2:AB2001,"VERDADERO")/COUNTIF('Dataset Limpio'!C2:C2001,2023),0) -> 0.5637105
B76: 2024 | C76: =COUNTIF('Dataset Limpio'!C2:C2001,2024) -> 1019 | D76: =SUMIF('Dataset Limpio'!C2:C2001,2024,'Dataset Limpio'!P2:P2001) -> 2.5458047e+08 | E76: =SUMIF('Dataset Limpio'!C2:C2001,2024,'Dataset Limpio'!Q2:Q2001) -> 12556795 | F76: =IFERROR(COUNTIFS('Dataset Limpio'!C2:C2001,2024,'Dataset Limpio'!X2:X2001,"VERDADERO")/COUNTIF('Dataset Limpio'!C2:C2001,2024),0) -> 0.47399411 | G76: =IFERROR(COUNTIFS('Dataset Limpio'!C2:C2001,2024,'Dataset Limpio'!W2:W2001,"Retrasado")/COUNTIF('Dataset Limpio'!C2:C2001,2024),0) -> 0.26496565 | H76: =AVERAGEIF('Dataset Limpio'!C2:C2001,2024,'Dataset Limpio'!V2:V2001) -> 2.016683 | I76: =AVERAGEIF('Dataset Limpio'!C2:C2001,2024,'Dataset Limpio'!S2:S2001) -> 15.266928 | J76: =IFERROR(COUNTIFS('Dataset Limpio'!C2:C2001,2024,'Dataset Limpio'!AB2:AB2001,"VERDADERO")/COUNTIF('Dataset Limpio'!C2:C2001,2024),0) -> 0.58881256
B77: Δ Variación YoY (2024 − 2023) | C77: =C76-C75 -> 38 | D77: =D76-D75 -> 6880781.9 | E77: =E76-E75 -> 98893.651 | F77: =F76-F75 -> -0.0224381 | G77: =G76-G75 -> -7.0025279e-05 | H77: =H76-H75 -> 0.095174358 | I77: =I76-I75 -> 0.30872245 | J77: =J76-J75 -> 0.025102062
B79: Detalle mensual
B80: Año | C80: Mes | D80: Nº Pedidos | E80: Valor Total (€) | F80: Coste Transp. (€) | G80: OTIF (%) | H80: % Retrasos | I80: % Incidencias | J80: Desv. Media
B81: 2023 | C81: 1 | D81: =COUNTIFS('Dataset Limpio'!C2:C2001,2023,'Dataset Limpio'!D2:D2001,1) -> 68 | E81: =SUMIFS('Dataset Limpio'!P2:P2001,'Dataset Limpio'!C2:C2001,2023,'Dataset Limpio'!D2:D2001,1) -> 15714018 | F81: =SUMIFS('Dataset Limpio'!Q2:Q2001,'Dataset Limpio'!C2:C2001,2023,'Dataset Limpio'!D2:D2001,1) -> 760487.07 | G81: =IFERROR(COUNTIFS('Dataset Limpio'!C2:C2001,2023,'Dataset Limpio'!D2:D2001,1,'Dataset Limpio'!X2:X2001,"VERDADERO")/COUNTIFS('Dataset Limpio'!C2:C2001,2023,'Dataset Limpio'!D2:D2001,1),0) -> 0.55882353 | H81: =IFERROR(COUNTIFS('Dataset Limpio'!C2:C2001,2023,'Dataset Limpio'!D2:D2001,1,'Dataset Limpio'!W2:W2001,"Retrasado")/COUNTIFS('Dataset Limpio'!C2:C2001,2023,'Dataset Limpio'!D2:D2001,1),0) -> 0.22058824 | I81: =IFERROR(COUNTIFS('Dataset Limpio'!C2:C2001,2023,'Dataset Limpio'!D2:D2001,1,'Dataset Limpio'!AB2:AB2001,"VERDADERO")/COUNTIFS('Dataset Limpio'!C2:C2001,2023,'Dataset Limpio'!D2:D2001,1),0) -> 0.52941176 | J81: =IFERROR(AVERAGEIFS('Dataset Limpio'!V2:V2001,'Dataset Limpio'!C2:C2001,2023,'Dataset Limpio'!D2:D2001,1),0) -> 1.6911765
B82: 2023 | C82: 2 | D82: =COUNTIFS('Dataset Limpio'!C2:C2001,2023,'Dataset Limpio'!D2:D2001,2) -> 71 | E82: =SUMIFS('Dataset Limpio'!P2:P2001,'Dataset Limpio'!C2:C2001,2023,'Dataset Limpio'!D2:D2001,2) -> 19739190 | F82: =SUMIFS('Dataset Limpio'!Q2:Q2001,'Dataset Limpio'!C2:C2001,2023,'Dataset Limpio'!D2:D2001,2) -> 1018452.8 | G82: =IFERROR(COUNTIFS('Dataset Limpio'!C2:C2001,2023,'Dataset Limpio'!D2:D2001,2,'Dataset Limpio'!X2:X2001,"VERDADERO")/COUNTIFS('Dataset Limpio'!C2:C2001,2023,'Dataset Limpio'!D2:D2001,2),0) -> 0.45070423 | H82: =IFERROR(COUNTIFS('Dataset Limpio'!C2:C2001,2023,'Dataset Limpio'!D2:D2001,2,'Dataset Limpio'!W2:W2001,"Retrasado")/COUNTIFS('Dataset Limpio'!C2:C2001,2023,'Dataset Limpio'!D2:D2001,2),0) -> 0.28169014 | I82: =IFERROR(COUNTIFS('Dataset Limpio'!C2:C2001,2023,'Dataset Limpio'!D2:D2001,2,'Dataset Limpio'!AB2:AB2001,"VERDADERO")/COUNTIFS('Dataset Limpio'!C2:C2001,2023,'Dataset Limpio'!D2:D2001,2),0) -> 0.54929577 | J82: =IFERROR(AVERAGEIFS('Dataset Limpio'!V2:V2001,'Dataset Limpio'!C2:C2001,2023,'Dataset Limpio'!D2:D2001,2),0) -> 2.6619718
B83: 2023 | C83: 3 | D83: =COUNTIFS('Dataset Limpio'!C2:C2001,2023,'Dataset Limpio'!D2:D2001,3) -> 92 | E83: =SUMIFS('Dataset Limpio'!P2:P2001,'Dataset Limpio'!C2:C2001,2023,'Dataset Limpio'!D2:D2001,3) -> 24600376 | F83: =SUMIFS('Dataset Limpio'!Q2:Q2001,'Dataset Limpio'!C2:C2001,2023,'Dataset Limpio'!D2:D2001,3) -> 1211038.2 | G83: =IFERROR(COUNTIFS('Dataset Limpio'!C2:C2001,2023,'Dataset Limpio'!D2:D2001,3,'Dataset Limpio'!X2:X2001,"VERDADERO")/COUNTIFS('Dataset Limpio'!C2:C2001,2023,'Dataset Limpio'!D2:D2001,3),0) -> 0.39130435 | H83: =IFERROR(COUNTIFS('Dataset Limpio'!C2:C2001,2023,'Dataset Limpio'!D2:D2001,3,'Dataset Limpio'!W2:W2001,"Retrasado")/COUNTIFS('Dataset Limpio'!C2:C2001,2023,'Dataset Limpio'!D2:D2001,3),0) -> 0.34782609 | I83: =IFERROR(COUNTIFS('Dataset Limpio'!C2:C2001,2023,'Dataset Limpio'!D2:D2001,3,'Dataset Limpio'!AB2:AB2001,"VERDADERO")/COUNTIFS('Dataset Limpio'!C2:C2001,2023,'Dataset Limpio'!D2:D2001,3),0) -> 0.61956522 | J83: =IFERROR(AVERAGEIFS('Dataset Limpio'!V2:V2001,'Dataset Limpio'!C2:C2001,2023,'Dataset Limpio'!D2:D2001,3),0) -> 2.4782609
B84: 2023 | C84: 4 | D84: =COUNTIFS('Dataset Limpio'!C2:C2001,2023,'Dataset Limpio'!D2:D2001,4) -> 96 | E84: =SUMIFS('Dataset Limpio'!P2:P2001,'Dataset Limpio'!C2:C2001,2023,'Dataset Limpio'!D2:D2001,4) -> 23362365 | F84: =SUMIFS('Dataset Limpio'!Q2:Q2001,'Dataset Limpio'!C2:C2001,2023,'Dataset Limpio'!D2:D2001,4) -> 1220458.1 | G84: =IFERROR(COUNTIFS('Dataset Limpio'!C2:C2001,2023,'Dataset Limpio'!D2:D2001,4,'Dataset Limpio'!X2:X2001,"VERDADERO")/COUNTIFS('Dataset Limpio'!C2:C2001,2023,'Dataset Limpio'!D2:D2001,4),0) -> 0.59375 | H84: =IFERROR(COUNTIFS('Dataset Limpio'!C2:C2001,2023,'Dataset Limpio'!D2:D2001,4,'Dataset Limpio'!W2:W2001,"Retrasado")/COUNTIFS('Dataset Limpio'!C2:C2001,2023,'Dataset Limpio'!D2:D2001,4),0) -> 0.20833333 | I84: =IFERROR(COUNTIFS('Dataset Limpio'!C2:C2001,2023,'Dataset Limpio'!D2:D2001,4,'Dataset Limpio'!AB2:AB2001,"VERDADERO")/COUNTIFS('Dataset Limpio'!C2:C2001,2023,'Dataset Limpio'!D2:D2001,4),0) -> 0.57291667 | J84: =IFERROR(AVERAGEIFS('Dataset Limpio'!V2:V2001,'Dataset Limpio'!C2:C2001,2023,'Dataset Limpio'!D2:D2001,4),0) -> 1.0833333
B85: 2023 | C85: 5 | D85: =COUNTIFS('Dataset Limpio'!C2:C2001,2023,'Dataset Limpio'!D2:D2001,5) -> 75 | E85: =SUMIFS('Dataset Limpio'!P2:P2001,'Dataset Limpio'!C2:C2001,2023,'Dataset Limpio'!D2:D2001,5) -> 14200948 | F85: =SUMIFS('Dataset Limpio'!Q2:Q2001,'Dataset Limpio'!C2:C2001,2023,'Dataset Limpio'!D2:D2001,5) -> 789267.36 | G85: =IFERROR(COUNTIFS('Dataset Limpio'!C2:C2001,2023,'Dataset Limpio'!D2:D2001,5,'Dataset Limpio'!X2:X2001,"VERDADERO")/COUNTIFS('Dataset Limpio'!C2:C2001,2023,'Dataset Limpio'!D2:D2001,5),0) -> 0.46666667 | H85: =IFERROR(COUNTIFS('Dataset Limpio'!C2:C2001,2023,'Dataset Limpio'!D2:D2001,5,'Dataset Limpio'!W2:W2001,"Retrasado")/COUNTIFS('Dataset Limpio'!C2:C2001,2023,'Dataset Limpio'!D2:D2001,5),0) -> 0.28 | I85: =IFERROR(COUNTIFS('Dataset Limpio'!C2:C2001,2023,'Dataset Limpio'!D2:D2001,5,'Dataset Limpio'!AB2:AB2001,"VERDADERO")/COUNTIFS('Dataset Limpio'!C2:C2001,2023,'Dataset Limpio'!D2:D2001,5),0) -> 0.56 | J85: =IFERROR(AVERAGEIFS('Dataset Limpio'!V2:V2001,'Dataset Limpio'!C2:C2001,2023,'Dataset Limpio'!D2:D2001,5),0) -> 2.2
B86: 2023 | C86: 6 | D86: =COUNTIFS('Dataset Limpio'!C2:C2001,2023,'Dataset Limpio'!D2:D2001,6) -> 84 | E86: =SUMIFS('Dataset Limpio'!P2:P2001,'Dataset Limpio'!C2:C2001,2023,'Dataset Limpio'!D2:D2001,6) -> 22056074 | F86: =SUMIFS('Dataset Limpio'!Q2:Q2001,'Dataset Limpio'!C2:C2001,2023,'Dataset Limpio'!D2:D2001,6) -> 1057483 | G86: =IFERROR(COUNTIFS('Dataset Limpio'!C2:C2001,2023,'Dataset Limpio'!D2:D2001,6,'Dataset Limpio'!X2:X2001,"VERDADERO")/COUNTIFS('Dataset Limpio'!C2:C2001,2023,'Dataset Limpio'!D2:D2001,6),0) -> 0.58333333 | H86: =IFERROR(COUNTIFS('Dataset Limpio'!C2:C2001,2023,'Dataset Limpio'!D2:D2001,6,'Dataset Limpio'!W2:W2001,"Retrasado")/COUNTIFS('Dataset Limpio'!C2:C2001,2023,'Dataset Limpio'!D2:D2001,6),0) -> 0.20238095 | I86: =IFERROR(COUNTIFS('Dataset Limpio'!C2:C2001,2023,'Dataset Limpio'!D2:D2001,6,'Dataset Limpio'!AB2:AB2001,"VERDADERO")/COUNTIFS('Dataset Limpio'!C2:C2001,2023,'Dataset Limpio'!D2:D2001,6),0) -> 0.63095238 | J86: =IFERROR(AVERAGEIFS('Dataset Limpio'!V2:V2001,'Dataset Limpio'!C2:C2001,2023,'Dataset Limpio'!D2:D2001,6),0) -> 1.0833333
B87: 2023 | C87: 7 | D87: =COUNTIFS('Dataset Limpio'!C2:C2001,2023,'Dataset Limpio'!D2:D2001,7) -> 59 | E87: =SUMIFS('Dataset Limpio'!P2:P2001,'Dataset Limpio'!C2:C2001,2023,'Dataset Limpio'!D2:D2001,7) -> 17414077 | F87: =SUMIFS('Dataset Limpio'!Q2:Q2001,'Dataset Limpio'!C2:C2001,2023,'Dataset Limpio'!D2:D2001,7) -> 898851.9 | G87: =IFERROR(COUNTIFS('Dataset Limpio'!C2:C2001,2023,'Dataset Limpio'!D2:D2001,7,'Dataset Limpio'!X2:X2001,"VERDADERO")/COUNTIFS('Dataset Limpio'!C2:C2001,2023,'Dataset Limpio'!D2:D2001,7),0) -> 0.54237288 | H87: =IFERROR(COUNTIFS('Dataset Limpio'!C2:C2001,2023,'Dataset Limpio'!D2:D2001,7,'Dataset Limpio'!W2:W2001,"Retrasado")/COUNTIFS('Dataset Limpio'!C2:C2001,2023,'Dataset Limpio'!D2:D2001,7),0) -> 0.27118644 | I87: =IFERROR(COUNTIFS('Dataset Limpio'!C2:C2001,2023,'Dataset Limpio'!D2:D2001,7,'Dataset Limpio'!AB2:AB2001,"VERDADERO")/COUNTIFS('Dataset Limpio'!C2:C2001,2023,'Dataset Limpio'!D2:D2001,7),0) -> 0.61016949 | J87: =IFERROR(AVERAGEIFS('Dataset Limpio'!V2:V2001,'Dataset Limpio'!C2:C2001,2023,'Dataset Limpio'!D2:D2001,7),0) -> 1.6440678
B88: 2023 | C88: 8 | D88: =COUNTIFS('Dataset Limpio'!C2:C2001,2023,'Dataset Limpio'!D2:D2001,8) -> 93 | E88: =SUMIFS('Dataset Limpio'!P2:P2001,'Dataset Limpio'!C2:C2001,2023,'Dataset Limpio'!D2:D2001,8) -> 19644227 | F88: =SUMIFS('Dataset Limpio'!Q2:Q2001,'Dataset Limpio'!C2:C2001,2023,'Dataset Limpio'!D2:D2001,8) -> 936920.9 | G88: =IFERROR(COUNTIFS('Dataset Limpio'!C2:C2001,2023,'Dataset Limpio'!D2:D2001,8,'Dataset Limpio'!X2:X2001,"VERDADERO")/COUNTIFS('Dataset Limpio'!C2:C2001,2023,'Dataset Limpio'!D2:D2001,8),0) -> 0.47311828 | H88: =IFERROR(COUNTIFS('Dataset Limpio'!C2:C2001,2023,'Dataset Limpio'!D2:D2001,8,'Dataset Limpio'!W2:W2001,"Retrasado")/COUNTIFS('Dataset Limpio'!C2:C2001,2023,'Dataset Limpio'!D2:D2001,8),0) -> 0.30107527 | I88: =IFERROR(COUNTIFS('Dataset Limpio'!C2:C2001,2023,'Dataset Limpio'!D2:D2001,8,'Dataset Limpio'!AB2:AB2001,"VERDADERO")/COUNTIFS('Dataset Limpio'!C2:C2001,2023,'Dataset Limpio'!D2:D2001,8),0) -> 0.5483871 | J88: =IFERROR(AVERAGEIFS('Dataset Limpio'!V2:V2001,'Dataset Limpio'!C2:C2001,2023,'Dataset Limpio'!D2:D2001,8),0) -> 1.9677419
B89: 2023 | C89: 9 | D89: =COUNTIFS('Dataset Limpio'!C2:C2001,2023,'Dataset Limpio'!D2:D2001,9) -> 86 | E89: =SUMIFS('Dataset Limpio'!P2:P2001,'Dataset Limpio'!C2:C2001,2023,'Dataset Limpio'!D2:D2001,9) -> 22825681 | F89: =SUMIFS('Dataset Limpio'!Q2:Q2001,'Dataset Limpio'!C2:C2001,2023,'Dataset Limpio'!D2:D2001,9) -> 997825.71 | G89: =IFERROR(COUNTIFS('Dataset Limpio'!C2:C2001,2023,'Dataset Limpio'!D2:D2001,9,'Dataset Limpio'!X2:X2001,"VERDADERO")/COUNTIFS('Dataset Limpio'!C2:C2001,2023,'Dataset Limpio'!D2:D2001,9),0) -> 0.47674419 | H89: =IFERROR(COUNTIFS('Dataset Limpio'!C2:C2001,2023,'Dataset Limpio'!D2:D2001,9,'Dataset Limpio'!W2:W2001,"Retrasado")/COUNTIFS('Dataset Limpio'!C2:C2001,2023,'Dataset Limpio'!D2:D2001,9),0) -> 0.3255814 | I89: =IFERROR(COUNTIFS('Dataset Limpio'!C2:C2001,2023,'Dataset Limpio'!D2:D2001,9,'Dataset Limpio'!AB2:AB2001,"VERDADERO")/COUNTIFS('Dataset Limpio'!C2:C2001,2023,'Dataset Limpio'!D2:D2001,9),0) -> 0.58139535 | J89: =IFERROR(AVERAGEIFS('Dataset Limpio'!V2:V2001,'Dataset Limpio'!C2:C2001,2023,'Dataset Limpio'!D2:D2001,9),0) -> 1.5
B90: 2023 | C90: 10 | D90: =COUNTIFS('Dataset Limpio'!C2:C2001,2023,'Dataset Limpio'!D2:D2001,10) -> 93 | E90: =SUMIFS('Dataset Limpio'!P2:P2001,'Dataset Limpio'!C2:C2001,2023,'Dataset Limpio'!D2:D2001,10) -> 29974121 | F90: =SUMIFS('Dataset Limpio'!Q2:Q2001,'Dataset Limpio'!C2:C2001,2023,'Dataset Limpio'!D2:D2001,10) -> 1524030.7 | G90: =IFERROR(COUNTIFS('Dataset Limpio'!C2:C2001,2023,'Dataset Limpio'!D2:D2001,10,'Dataset Limpio'!X2:X2001,"VERDADERO")/COUNTIFS('Dataset Limpio'!C2:C2001,2023,'Dataset Limpio'!D2:D2001,10),0) -> 0.43010753 | H90: =IFERROR(COUNTIFS('Dataset Limpio'!C2:C2001,2023,'Dataset Limpio'!D2:D2001,10,'Dataset Limpio'!W2:W2001,"Retrasado")/COUNTIFS('Dataset Limpio'!C2:C2001,2023,'Dataset Limpio'!D2:D2001,10),0) -> 0.23655914 | I90: =IFERROR(COUNTIFS('Dataset Limpio'!C2:C2001,2023,'Dataset Limpio'!D2:D2001,10,'Dataset Limpio'!AB2:AB2001,"VERDADERO")/COUNTIFS('Dataset Limpio'!C2:C2001,2023,'Dataset Limpio'!D2:D2001,10),0) -> 0.50537634 | J90: =IFERROR(AVERAGEIFS('Dataset Limpio'!V2:V2001,'Dataset Limpio'!C2:C2001,2023,'Dataset Limpio'!D2:D2001,10),0) -> 2.7741935
B91: 2023 | C91: 11 | D91: =COUNTIFS('Dataset Limpio'!C2:C2001,2023,'Dataset Limpio'!D2:D2001,11) -> 82 | E91: =SUMIFS('Dataset Limpio'!P2:P2001,'Dataset Limpio'!C2:C2001,2023,'Dataset Limpio'!D2:D2001,11) -> 18457092 | F91: =SUMIFS('Dataset Limpio'!Q2:Q2001,'Dataset Limpio'!C2:C2001,2023,'Dataset Limpio'!D2:D2001,11) -> 903677.22 | G91: =IFERROR(COUNTIFS('Dataset Limpio'!C2:C2001,2023,'Dataset Limpio'!D2:D2001,11,'Dataset Limpio'!X2:X2001,"VERDADERO")/COUNTIFS('Dataset Limpio'!C2:C2001,2023,'Dataset Limpio'!D2:D2001,11),0) -> 0.51219512 | H91: =IFERROR(COUNTIFS('Dataset Limpio'!C2:C2001,2023,'Dataset Limpio'!D2:D2001,11,'Dataset Limpio'!W2:W2001,"Retrasado")/COUNTIFS('Dataset Limpio'!C2:C2001,2023,'Dataset Limpio'!D2:D2001,11),0) -> 0.23170732 | I91: =IFERROR(COUNTIFS('Dataset Limpio'!C2:C2001,2023,'Dataset Limpio'!D2:D2001,11,'Dataset Limpio'!AB2:AB2001,"VERDADERO")/COUNTIFS('Dataset Limpio'!C2:C2001,2023,'Dataset Limpio'!D2:D2001,11),0) -> 0.53658537 | J91: =IFERROR(AVERAGEIFS('Dataset Limpio'!V2:V2001,'Dataset Limpio'!C2:C2001,2023,'Dataset Limpio'!D2:D2001,11),0) -> 1.597561
B92: 2023 | C92: 12 | D92: =COUNTIFS('Dataset Limpio'!C2:C2001,2023,'Dataset Limpio'!D2:D2001,12) -> 82 | E92: =SUMIFS('Dataset Limpio'!P2:P2001,'Dataset Limpio'!C2:C2001,2023,'Dataset Limpio'!D2:D2001,12) -> 19711518 | F92: =SUMIFS('Dataset Limpio'!Q2:Q2001,'Dataset Limpio'!C2:C2001,2023,'Dataset Limpio'!D2:D2001,12) -> 1139408.3 | G92: =IFERROR(COUNTIFS('Dataset Limpio'!C2:C2001,2023,'Dataset Limpio'!D2:D2001,12,'Dataset Limpio'!X2:X2001,"VERDADERO")/COUNTIFS('Dataset Limpio'!C2:C2001,2023,'Dataset Limpio'!D2:D2001,12),0) -> 0.5 | H92: =IFERROR(COUNTIFS('Dataset Limpio'!C2:C2001,2023,'Dataset Limpio'!D2:D2001,12,'Dataset Limpio'!W2:W2001,"Retrasado")/COUNTIFS('Dataset Limpio'!C2:C2001,2023,'Dataset Limpio'!D2:D2001,12),0) -> 0.26829268 | I92: =IFERROR(COUNTIFS('Dataset Limpio'!C2:C2001,2023,'Dataset Limpio'!D2:D2001,12,'Dataset Limpio'!AB2:AB2001,"VERDADERO")/COUNTIFS('Dataset Limpio'!C2:C2001,2023,'Dataset Limpio'!D2:D2001,12),0) -> 0.52439024 | J92: =IFERROR(AVERAGEIFS('Dataset Limpio'!V2:V2001,'Dataset Limpio'!C2:C2001,2023,'Dataset Limpio'!D2:D2001,12),0) -> 2.3780488
B93: 2024 | C93: 1 | D93: =COUNTIFS('Dataset Limpio'!C2:C2001,2024,'Dataset Limpio'!D2:D2001,1) -> 86 | E93: =SUMIFS('Dataset Limpio'!P2:P2001,'Dataset Limpio'!C2:C2001,2024,'Dataset Limpio'!D2:D2001,1) -> 16646387 | F93: =SUMIFS('Dataset Limpio'!Q2:Q2001,'Dataset Limpio'!C2:C2001,2024,'Dataset Limpio'!D2:D2001,1) -> 773138.71 | G93: =IFERROR(COUNTIFS('Dataset Limpio'!C2:C2001,2024,'Dataset Limpio'!D2:D2001,1,'Dataset Limpio'!X2:X2001,"VERDADERO")/COUNTIFS('Dataset Limpio'!C2:C2001,2024,'Dataset Limpio'!D2:D2001,1),0) -> 0.53488372 | H93: =IFERROR(COUNTIFS('Dataset Limpio'!C2:C2001,2024,'Dataset Limpio'!D2:D2001,1,'Dataset Limpio'!W2:W2001,"Retrasado")/COUNTIFS('Dataset Limpio'!C2:C2001,2024,'Dataset Limpio'!D2:D2001,1),0) -> 0.23255814 | I93: =IFERROR(COUNTIFS('Dataset Limpio'!C2:C2001,2024,'Dataset Limpio'!D2:D2001,1,'Dataset Limpio'!AB2:AB2001,"VERDADERO")/COUNTIFS('Dataset Limpio'!C2:C2001,2024,'Dataset Limpio'!D2:D2001,1),0) -> 0.52325581 | J93: =IFERROR(AVERAGEIFS('Dataset Limpio'!V2:V2001,'Dataset Limpio'!C2:C2001,2024,'Dataset Limpio'!D2:D2001,1),0) -> 1.7093023
B94: 2024 | C94: 2 | D94: =COUNTIFS('Dataset Limpio'!C2:C2001,2024,'Dataset Limpio'!D2:D2001,2) -> 72 | E94: =SUMIFS('Dataset Limpio'!P2:P2001,'Dataset Limpio'!C2:C2001,2024,'Dataset Limpio'!D2:D2001,2) -> 23407751 | F94: =SUMIFS('Dataset Limpio'!Q2:Q2001,'Dataset Limpio'!C2:C2001,2024,'Dataset Limpio'!D2:D2001,2) -> 1226343.2 | G94: =IFERROR(COUNTIFS('Dataset Limpio'!C2:C2001,2024,'Dataset Limpio'!D2:D2001,2,'Dataset Limpio'!X2:X2001,"VERDADERO")/COUNTIFS('Dataset Limpio'!C2:C2001,2024,'Dataset Limpio'!D2:D2001,2),0) -> 0.48611111 | H94: =IFERROR(COUNTIFS('Dataset Limpio'!C2:C2001,2024,'Dataset Limpio'!D2:D2001,2,'Dataset Limpio'!W2:W2001,"Retrasado")/COUNTIFS('Dataset Limpio'!C2:C2001,2024,'Dataset Limpio'!D2:D2001,2),0) -> 0.23611111 | I94: =IFERROR(COUNTIFS('Dataset Limpio'!C2:C2001,2024,'Dataset Limpio'!D2:D2001,2,'Dataset Limpio'!AB2:AB2001,"VERDADERO")/COUNTIFS('Dataset Limpio'!C2:C2001,2024,'Dataset Limpio'!D2:D2001,2),0) -> 0.52777778 | J94: =IFERROR(AVERAGEIFS('Dataset Limpio'!V2:V2001,'Dataset Limpio'!C2:C2001,2024,'Dataset Limpio'!D2:D2001,2),0) -> 2.4444444
B95: 2024 | C95: 3 | D95: =COUNTIFS('Dataset Limpio'!C2:C2001,2024,'Dataset Limpio'!D2:D2001,3) -> 98 | E95: =SUMIFS('Dataset Limpio'!P2:P2001,'Dataset Limpio'!C2:C2001,2024,'Dataset Limpio'!D2:D2001,3) -> 26253302 | F95: =SUMIFS('Dataset Limpio'!Q2:Q2001,'Dataset Limpio'!C2:C2001,2024,'Dataset Limpio'!D2:D2001,3) -> 1347611.2 | G95: =IFERROR(COUNTIFS('Dataset Limpio'!C2:C2001,2024,'Dataset Limpio'!D2:D2001,3,'Dataset Limpio'!X2:X2001,"VERDADERO")/COUNTIFS('Dataset Limpio'!C2:C2001,2024,'Dataset Limpio'!D2:D2001,3),0) -> 0.48979592 | H95: =IFERROR(COUNTIFS('Dataset Limpio'!C2:C2001,2024,'Dataset Limpio'!D2:D2001,3,'Dataset Limpio'!W2:W2001,"Retrasado")/COUNTIFS('Dataset Limpio'!C2:C2001,2024,'Dataset Limpio'!D2:D2001,3),0) -> 0.29591837 | I95: =IFERROR(COUNTIFS('Dataset Limpio'!C2:C2001,2024,'Dataset Limpio'!D2:D2001,3,'Dataset Limpio'!AB2:AB2001,"VERDADERO")/COUNTIFS('Dataset Limpio'!C2:C2001,2024,'Dataset Limpio'!D2:D2001,3),0) -> 0.59183673 | J95: =IFERROR(AVERAGEIFS('Dataset Limpio'!V2:V2001,'Dataset Limpio'!C2:C2001,2024,'Dataset Limpio'!D2:D2001,3),0) -> 1.6020408
B96: 2024 | C96: 4 | D96: =COUNTIFS('Dataset Limpio'!C2:C2001,2024,'Dataset Limpio'!D2:D2001,4) -> 94 | E96: =SUMIFS('Dataset Limpio'!P2:P2001,'Dataset Limpio'!C2:C2001,2024,'Dataset Limpio'!D2:D2001,4) -> 22352958 | F96: =SUMIFS('Dataset Limpio'!Q2:Q2001,'Dataset Limpio'!C2:C2001,2024,'Dataset Limpio'!D2:D2001,4) -> 1041678.6 | G96: =IFERROR(COUNTIFS('Dataset Limpio'!C2:C2001,2024,'Dataset Limpio'!D2:D2001,4,'Dataset Limpio'!X2:X2001,"VERDADERO")/COUNTIFS('Dataset Limpio'!C2:C2001,2024,'Dataset Limpio'!D2:D2001,4),0) -> 0.38297872 | H96: =IFERROR(COUNTIFS('Dataset Limpio'!C2:C2001,2024,'Dataset Limpio'!D2:D2001,4,'Dataset Limpio'!W2:W2001,"Retrasado")/COUNTIFS('Dataset Limpio'!C2:C2001,2024,'Dataset Limpio'!D2:D2001,4),0) -> 0.37234043 | I96: =IFERROR(COUNTIFS('Dataset Limpio'!C2:C2001,2024,'Dataset Limpio'!D2:D2001,4,'Dataset Limpio'!AB2:AB2001,"VERDADERO")/COUNTIFS('Dataset Limpio'!C2:C2001,2024,'Dataset Limpio'!D2:D2001,4),0) -> 0.62765957 | J96: =IFERROR(AVERAGEIFS('Dataset Limpio'!V2:V2001,'Dataset Limpio'!C2:C2001,2024,'Dataset Limpio'!D2:D2001,4),0) -> 2.1914894
B97: 2024 | C97: 5 | D97: =COUNTIFS('Dataset Limpio'!C2:C2001,2024,'Dataset Limpio'!D2:D2001,5) -> 70 | E97: =SUMIFS('Dataset Limpio'!P2:P2001,'Dataset Limpio'!C2:C2001,2024,'Dataset Limpio'!D2:D2001,5) -> 19279557 | F97: =SUMIFS('Dataset Limpio'!Q2:Q2001,'Dataset Limpio'!C2:C2001,2024,'Dataset Limpio'!D2:D2001,5) -> 976433.62 | G97: =IFERROR(COUNTIFS('Dataset Limpio'!C2:C2001,2024,'Dataset Limpio'!D2:D2001,5,'Dataset Limpio'!X2:X2001,"VERDADERO")/COUNTIFS('Dataset Limpio'!C2:C2001,2024,'Dataset Limpio'!D2:D2001,5),0) -> 0.45714286 | H97: =IFERROR(COUNTIFS('Dataset Limpio'!C2:C2001,2024,'Dataset Limpio'!D2:D2001,5,'Dataset Limpio'!W2:W2001,"Retrasado")/COUNTIFS('Dataset Limpio'!C2:C2001,2024,'Dataset Limpio'!D2:D2001,5),0) -> 0.3 | I97: =IFERROR(COUNTIFS('Dataset Limpio'!C2:C2001,2024,'Dataset Limpio'!D2:D2001,5,'Dataset Limpio'!AB2:AB2001,"VERDADERO")/COUNTIFS('Dataset Limpio'!C2:C2001,2024,'Dataset Limpio'!D2:D2001,5),0) -> 0.57142857 | J97: =IFERROR(AVERAGEIFS('Dataset Limpio'!V2:V2001,'Dataset Limpio'!C2:C2001,2024,'Dataset Limpio'!D2:D2001,5),0) -> 2.0857143
B98: 2024 | C98: 6 | D98: =COUNTIFS('Dataset Limpio'!C2:C2001,2024,'Dataset Limpio'!D2:D2001,6) -> 72 | E98: =SUMIFS('Dataset Limpio'!P2:P2001,'Dataset Limpio'!C2:C2001,2024,'Dataset Limpio'!D2:D2001,6) -> 22465635 | F98: =SUMIFS('Dataset Limpio'!Q2:Q2001,'Dataset Limpio'!C2:C2001,2024,'Dataset Limpio'!D2:D2001,6) -> 1046415.8 | G98: =IFERROR(COUNTIFS('Dataset Limpio'!C2:C2001,2024,'Dataset Limpio'!D2:D2001,6,'Dataset Limpio'!X2:X2001,"VERDADERO")/COUNTIFS('Dataset Limpio'!C2:C2001,2024,'Dataset Limpio'!D2:D2001,6),0) -> 0.43055556 | H98: =IFERROR(COUNTIFS('Dataset Limpio'!C2:C2001,2024,'Dataset Limpio'!D2:D2001,6,'Dataset Limpio'!W2:W2001,"Retrasado")/COUNTIFS('Dataset Limpio'!C2:C2001,2024,'Dataset Limpio'!D2:D2001,6),0) -> 0.26388889 | I98: =IFERROR(COUNTIFS('Dataset Limpio'!C2:C2001,2024,'Dataset Limpio'!D2:D2001,6,'Dataset Limpio'!AB2:AB2001,"VERDADERO")/COUNTIFS('Dataset Limpio'!C2:C2001,2024,'Dataset Limpio'!D2:D2001,6),0) -> 0.69444444 | J98: =IFERROR(AVERAGEIFS('Dataset Limpio'!V2:V2001,'Dataset Limpio'!C2:C2001,2024,'Dataset Limpio'!D2:D2001,6),0) -> 2.3194444
B99: 2024 | C99: 7 | D99: =COUNTIFS('Dataset Limpio'!C2:C2001,2024,'Dataset Limpio'!D2:D2001,7) -> 92 | E99: =SUMIFS('Dataset Limpio'!P2:P2001,'Dataset Limpio'!C2:C2001,2024,'Dataset Limpio'!D2:D2001,7) -> 24020404 | F99: =SUMIFS('Dataset Limpio'!Q2:Q2001,'Dataset Limpio'!C2:C2001,2024,'Dataset Limpio'!D2:D2001,7) -> 1270120.3 | G99: =IFERROR(COUNTIFS('Dataset Limpio'!C2:C2001,2024,'Dataset Limpio'!D2:D2001,7,'Dataset Limpio'!X2:X2001,"VERDADERO")/COUNTIFS('Dataset Limpio'!C2:C2001,2024,'Dataset Limpio'!D2:D2001,7),0) -> 0.47826087 | H99: =IFERROR(COUNTIFS('Dataset Limpio'!C2:C2001,2024,'Dataset Limpio'!D2:D2001,7,'Dataset Limpio'!W2:W2001,"Retrasado")/COUNTIFS('Dataset Limpio'!C2:C2001,2024,'Dataset Limpio'!D2:D2001,7),0) -> 0.22826087 | I99: =IFERROR(COUNTIFS('Dataset Limpio'!C2:C2001,2024,'Dataset Limpio'!D2:D2001,7,'Dataset Limpio'!AB2:AB2001,"VERDADERO")/COUNTIFS('Dataset Limpio'!C2:C2001,2024,'Dataset Limpio'!D2:D2001,7),0) -> 0.54347826 | J99: =IFERROR(AVERAGEIFS('Dataset Limpio'!V2:V2001,'Dataset Limpio'!C2:C2001,2024,'Dataset Limpio'!D2:D2001,7),0) -> 2.1847826
B100: 2024 | C100: 8 | D100: =COUNTIFS('Dataset Limpio'!C2:C2001,2024,'Dataset Limpio'!D2:D2001,8) -> 81 | E100: =SUMIFS('Dataset Limpio'!P2:P2001,'Dataset Limpio'!C2:C2001,2024,'Dataset Limpio'!D2:D2001,8) -> 12833993 | F100: =SUMIFS('Dataset Limpio'!Q2:Q2001,'Dataset Limpio'!C2:C2001,2024,'Dataset Limpio'!D2:D2001,8) -> 600922.84 | G100: =IFERROR(COUNTIFS('Dataset Limpio'!C2:C2001,2024,'Dataset Limpio'!D2:D2001,8,'Dataset Limpio'!X2:X2001,"VERDADERO")/COUNTIFS('Dataset Limpio'!C2:C2001,2024,'Dataset Limpio'!D2:D2001,8),0) -> 0.49382716 | H100: =IFERROR(COUNTIFS('Dataset Limpio'!C2:C2001,2024,'Dataset Limpio'!D2:D2001,8,'Dataset Limpio'!W2:W2001,"Retrasado")/COUNTIFS('Dataset Limpio'!C2:C2001,2024,'Dataset Limpio'!D2:D2001,8),0) -> 0.22222222 | I100: =IFERROR(COUNTIFS('Dataset Limpio'!C2:C2001,2024,'Dataset Limpio'!D2:D2001,8,'Dataset Limpio'!AB2:AB2001,"VERDADERO")/COUNTIFS('Dataset Limpio'!C2:C2001,2024,'Dataset Limpio'!D2:D2001,8),0) -> 0.5308642 | J100: =IFERROR(AVERAGEIFS('Dataset Limpio'!V2:V2001,'Dataset Limpio'!C2:C2001,2024,'Dataset Limpio'!D2:D2001,8),0) -> 1.3209877
B101: 2024 | C101: 9 | D101: =COUNTIFS('Dataset Limpio'!C2:C2001,2024,'Dataset Limpio'!D2:D2001,9) -> 83 | E101: =SUMIFS('Dataset Limpio'!P2:P2001,'Dataset Limpio'!C2:C2001,2024,'Dataset Limpio'!D2:D2001,9) -> 22562160 | F101: =SUMIFS('Dataset Limpio'!Q2:Q2001,'Dataset Limpio'!C2:C2001,2024,'Dataset Limpio'!D2:D2001,9) -> 1143166 | G101: =IFERROR(COUNTIFS('Dataset Limpio'!C2:C2001,2024,'Dataset Limpio'!D2:D2001,9,'Dataset Limpio'!X2:X2001,"VERDADERO")/COUNTIFS('Dataset Limpio'!C2:C2001,2024,'Dataset Limpio'!D2:D2001,9),0) -> 0.44578313 | H101: =IFERROR(COUNTIFS('Dataset Limpio'!C2:C2001,2024,'Dataset Limpio'!D2:D2001,9,'Dataset Limpio'!W2:W2001,"Retrasado")/COUNTIFS('Dataset Limpio'!C2:C2001,2024,'Dataset Limpio'!D2:D2001,9),0) -> 0.26506024 | I101: =IFERROR(COUNTIFS('Dataset Limpio'!C2:C2001,2024,'Dataset Limpio'!D2:D2001,9,'Dataset Limpio'!AB2:AB2001,"VERDADERO")/COUNTIFS('Dataset Limpio'!C2:C2001,2024,'Dataset Limpio'!D2:D2001,9),0) -> 0.61445783 | J101: =IFERROR(AVERAGEIFS('Dataset Limpio'!V2:V2001,'Dataset Limpio'!C2:C2001,2024,'Dataset Limpio'!D2:D2001,9),0) -> 2.3373494
B102: 2024 | C102: 10 | D102: =COUNTIFS('Dataset Limpio'!C2:C2001,2024,'Dataset Limpio'!D2:D2001,10) -> 88 | E102: =SUMIFS('Dataset Limpio'!P2:P2001,'Dataset Limpio'!C2:C2001,2024,'Dataset Limpio'!D2:D2001,10) -> 22091907 | F102: =SUMIFS('Dataset Limpio'!Q2:Q2001,'Dataset Limpio'!C2:C2001,2024,'Dataset Limpio'!D2:D2001,10) -> 1097030.7 | G102: =IFERROR(COUNTIFS('Dataset Limpio'!C2:C2001,2024,'Dataset Limpio'!D2:D2001,10,'Dataset Limpio'!X2:X2001,"VERDADERO")/COUNTIFS('Dataset Limpio'!C2:C2001,2024,'Dataset Limpio'!D2:D2001,10),0) -> 0.46590909 | H102: =IFERROR(COUNTIFS('Dataset Limpio'!C2:C2001,2024,'Dataset Limpio'!D2:D2001,10,'Dataset Limpio'!W2:W2001,"Retrasado")/COUNTIFS('Dataset Limpio'!C2:C2001,2024,'Dataset Limpio'!D2:D2001,10),0) -> 0.26136364 | I102: =IFERROR(COUNTIFS('Dataset Limpio'!C2:C2001,2024,'Dataset Limpio'!D2:D2001,10,'Dataset Limpio'!AB2:AB2001,"VERDADERO")/COUNTIFS('Dataset Limpio'!C2:C2001,2024,'Dataset Limpio'!D2:D2001,10),0) -> 0.56818182 | J102: =IFERROR(AVERAGEIFS('Dataset Limpio'!V2:V2001,'Dataset Limpio'!C2:C2001,2024,'Dataset Limpio'!D2:D2001,10),0) -> 2.2613636
B103: 2024 | C103: 11 | D103: =COUNTIFS('Dataset Limpio'!C2:C2001,2024,'Dataset Limpio'!D2:D2001,11) -> 102 | E103: =SUMIFS('Dataset Limpio'!P2:P2001,'Dataset Limpio'!C2:C2001,2024,'Dataset Limpio'!D2:D2001,11) -> 23660394 | F103: =SUMIFS('Dataset Limpio'!Q2:Q2001,'Dataset Limpio'!C2:C2001,2024,'Dataset Limpio'!D2:D2001,11) -> 1081764.9 | G103: =IFERROR(COUNTIFS('Dataset Limpio'!C2:C2001,2024,'Dataset Limpio'!D2:D2001,11,'Dataset Limpio'!X2:X2001,"VERDADERO")/COUNTIFS('Dataset Limpio'!C2:C2001,2024,'Dataset Limpio'!D2:D2001,11),0) -> 0.51960784 | H103: =IFERROR(COUNTIFS('Dataset Limpio'!C2:C2001,2024,'Dataset Limpio'!D2:D2001,11,'Dataset Limpio'!W2:W2001,"Retrasado")/COUNTIFS('Dataset Limpio'!C2:C2001,2024,'Dataset Limpio'!D2:D2001,11),0) -> 0.2745098 | I103: =IFERROR(COUNTIFS('Dataset Limpio'!C2:C2001,2024,'Dataset Limpio'!D2:D2001,11,'Dataset Limpio'!AB2:AB2001,"VERDADERO")/COUNTIFS('Dataset Limpio'!C2:C2001,2024,'Dataset Limpio'!D2:D2001,11),0) -> 0.62745098 | J103: =IFERROR(AVERAGEIFS('Dataset Limpio'!V2:V2001,'Dataset Limpio'!C2:C2001,2024,'Dataset Limpio'!D2:D2001,11),0) -> 1.9509804
B104: 2024 | C104: 12 | D104: =COUNTIFS('Dataset Limpio'!C2:C2001,2024,'Dataset Limpio'!D2:D2001,12) -> 81 | E104: =SUMIFS('Dataset Limpio'!P2:P2001,'Dataset Limpio'!C2:C2001,2024,'Dataset Limpio'!D2:D2001,12) -> 19006020 | F104: =SUMIFS('Dataset Limpio'!Q2:Q2001,'Dataset Limpio'!C2:C2001,2024,'Dataset Limpio'!D2:D2001,12) -> 952168.99 | G104: =IFERROR(COUNTIFS('Dataset Limpio'!C2:C2001,2024,'Dataset Limpio'!D2:D2001,12,'Dataset Limpio'!X2:X2001,"VERDADERO")/COUNTIFS('Dataset Limpio'!C2:C2001,2024,'Dataset Limpio'!D2:D2001,12),0) -> 0.49382716 | H104: =IFERROR(COUNTIFS('Dataset Limpio'!C2:C2001,2024,'Dataset Limpio'!D2:D2001,12,'Dataset Limpio'!W2:W2001,"Retrasado")/COUNTIFS('Dataset Limpio'!C2:C2001,2024,'Dataset Limpio'!D2:D2001,12),0) -> 0.20987654 | I104: =IFERROR(COUNTIFS('Dataset Limpio'!C2:C2001,2024,'Dataset Limpio'!D2:D2001,12,'Dataset Limpio'!AB2:AB2001,"VERDADERO")/COUNTIFS('Dataset Limpio'!C2:C2001,2024,'Dataset Limpio'!D2:D2001,12),0) -> 0.64197531 | J104: =IFERROR(AVERAGEIFS('Dataset Limpio'!V2:V2001,'Dataset Limpio'!C2:C2001,2024,'Dataset Limpio'!D2:D2001,12),0) -> 1.9259259

Sheet Analisis
A3: Cuenta de Cantidad | B3: Suma de Valor_Total_EUR | D3: Suma de Coste_Transporte_EUR | F3: Promedio de Lead_Time_Días
A4: 93 | B4: 26940862 | D4: 1395976.2 | F4: 15.666667
D7: Cuenta de ID_Pedido | E7: Etiquetas de columna | R7: Promedio de OTIF (%)
D8: Etiquetas de fila | E8: LogiTech Supply S.L. | F8: Total general | R8: 0.4857418
D9: 2024 | E9: 93 | F9: 93
A10: Etiquetas de fila | B10: Cuenta de ID_Pedido | D10: 1 | E10: 7 | F10: 7 | R10: Año_Pedido | S10: 2024
A11: En almacén | B11: 23 | D11: 2 | E11: 10 | F11: 10
A12: Entregado | B12: 42 | D12: 3 | E12: 7 | F12: 7 | R12: Etiquetas de fila | S12: Cuenta de Incidencias
A13: Retrasado | B13: 28 | D13: 4 | E13: 7 | F13: 7 | R13: FALSO | S13: 39
A14: Total general | B14: 93 | D14: 5 | E14: 7 | F14: 7 | R14: VERDADERO | S14: 54
D15: 6 | E15: 7 | F15: 7 | R15: Total general | S15: 93
D16: 7 | E16: 6 | F16: 6
D17: 8 | E17: 8 | F17: 8
D18: 9 | E18: 4 | F18: 4
D19: 10 | E19: 10 | F19: 10 | R19: Suma de Valor_Total_EUR | S19: Etiquetas de columna
D20: 11 | E20: 10 | F20: 10 | R20: Etiquetas de fila | S20: LogiTech Supply S.L. | T20: Total general
D21: 12 | E21: 10 | F21: 10 | R21: 2024 | S21: 26940862 | T21: 26940862
D22: Total general | E22: 93 | F22: 93 | R22: 1 | S22: 1137312.2 | T22: 1137312.2
R23: 2 | S23: 7095420.4 | T23: 7095420.4
R24: 3 | S24: 1793676.4 | T24: 1793676.4
R25: 4 | S25: 1788111.9 | T25: 1788111.9
R26: 5 | S26: 3248778.5 | T26: 3248778.5
R27: 6 | S27: 1026944.3 | T27: 1026944.3
R28: 7 | S28: 859726.26 | T28: 859726.26
R29: 8 | S29: 2553081.1 | T29: 2553081.1
R30: 9 | S30: 613544.34 | T30: 613544.34
R31: 10 | S31: 2542477.3 | T31: 2542477.3
R32: 11 | S32: 2197500 | T32: 2197500
R33: 12 | S33: 2084289.3 | T33: 2084289.3
R34: Total general | S34: 26940862 | T34: 26940862

Sheet Dashboard
